;A549CM8_S5-READs;A549CM4_S8-READs;A549CM1_S5-READs;A549CM2_S6-READs;A549KM4_S4-READs;A549KM1_S2-READs;A549CM3_S7-READs;A549KM0220321_S1-READs;A549KM2_S3-READs
hsa-let-7a-2-3p;12;8;13;6;17;45;10;50;122
hsa-let-7a-3p;219;82;85;101;269;249;102;379;1,361
hsa-let-7a-5p;96,948;27,461;54,771;77,057;67,891;68,339;61,817;91,473;324,447
hsa-let-7b-3p;127;31;67;74;93;97;70;157;424
hsa-let-7b-5p;38,709;9,269;19,360;27,799;23,744;23,911;22,433;36,623;118,638
hsa-let-7c-3p;7;5;9;11;27;34;12;68;135
hsa-let-7c-5p;2,728;691;1,214;1,771;1,572;1,596;1,402;2,092;7,613
hsa-let-7d-3p;74;13;35;55;22;30;48;91;152
hsa-let-7d-5p;4,494;944;1,760;2,481;1,565;1,660;1,902;2,008;8,276
hsa-let-7e-3p;25;10;13;23;67;88;26;67;321
hsa-let-7e-5p;19,144;4,801;11,093;15,342;14,197;13,539;12,520;19,077;68,484
hsa-let-7f-1-3p;35;8;12;14;23;29;12;50;71
hsa-let-7f-2-3p;17;7;8;13;20;23;7;21;119
hsa-let-7f-5p;57,362;14,624;25,045;35,208;27,980;29,960;27,746;48,903;134,331
hsa-let-7g-3p;27;17;17;21;18;8;27;18;72
hsa-let-7g-5p;10,552;4,032;5,855;7,591;6,146;6,239;5,945;6,995;28,630
hsa-let-7i-3p;1,290;505;537;834;524;602;666;865;2,464
hsa-let-7i-5p;188,980;44,350;74,614;105,853;72,625;77,321;80,728;151,397;339,742
hsa-miR-1-3p;28;0;4;3;2;3;4;2;23
hsa-miR-100-3p;250;144;228;263;317;320;212;569;1,453
hsa-miR-100-5p;5,506;5,289;4,721;8,429;6,748;13,164;7,309;4,025;42,795
hsa-miR-101-3p;8,647;4,059;5,462;6,369;4,737;4,001;5,848;5,152;20,512
hsa-miR-101-5p;42;17;21;34;14;21;31;16;85
hsa-miR-103a-2-5p;1;5;4;3;6;4;2;1;25
hsa-miR-103a-3p;17,803;6,940;12,107;18,601;11,742;12,223;15,819;10,603;60,744
hsa-miR-103b;488;186;410;502;379;367;457;376;2,020
hsa-miR-105-3p;18;3;2;9;10;6;17;12;41
hsa-miR-105-5p;202;96;177;274;143;200;212;119;955
hsa-miR-106a-3p;7;1;4;7;5;9;11;3;60
hsa-miR-106a-5p;32;16;20;32;27;27;21;25;124
hsa-miR-106b-3p;749;298;552;794;628;771;784;456;3,940
hsa-miR-106b-5p;188;122;137;179;197;182;149;128;920
hsa-miR-107;3,156;1,383;2,076;2,939;2,892;3,102;2,614;2,542;14,658
hsa-miR-10a-3p;213;71;126;171;130;135;150;210;681
hsa-miR-10a-5p;4,943;2,040;2,881;4,746;3,500;4,454;3,899;3,353;19,175
hsa-miR-10b-3p;42;5;17;23;22;22;25;32;116
hsa-miR-10b-5p;702;321;427;634;534;779;566;455;3,151
hsa-miR-1178-3p;2;1;3;6;4;2;1;1;14
hsa-miR-1179;5;4;2;4;8;4;9;7;24
hsa-miR-1180-3p;187;111;176;336;207;296;214;118;1,296
hsa-miR-1180-5p;3;0;0;7;0;2;1;1;15
hsa-miR-1182;4;0;1;3;5;3;1;1;17
hsa-miR-1185-1-3p;2;0;4;4;7;6;9;21;76
hsa-miR-1185-2-3p;4;0;1;7;3;1;2;3;22
hsa-miR-1185-5p;6;4;6;4;10;7;5;4;42
hsa-miR-1199-3p;5;2;4;7;12;9;8;11;62
hsa-miR-1199-5p;5;2;11;20;5;8;9;12;52
hsa-miR-1203;8;2;2;7;6;18;3;11;72
hsa-miR-1208;2;18;13;10;5;2;3;0;17
hsa-miR-122-5p;15;5;8;9;28;28;16;25;197
hsa-miR-1224-3p;5;0;2;5;2;0;6;3;15
hsa-miR-1226-3p;6;2;7;4;4;11;12;7;42
hsa-miR-1228-3p;7;3;3;9;9;3;4;15;44
hsa-miR-1229-3p;6;3;5;9;1;1;7;2;13
hsa-miR-1229-5p;5;2;1;1;3;2;4;4;11
hsa-miR-1237-3p;3;0;3;8;3;3;5;6;10
hsa-miR-1237-5p;7;1;1;9;0;2;4;6;12
hsa-miR-1243;2;2;2;4;1;2;2;1;13
hsa-miR-1244;9;0;1;9;9;5;6;13;43
hsa-miR-1246;5;4;4;9;5;6;4;5;43
hsa-miR-1247-3p;6;1;3;12;4;10;2;4;22
hsa-miR-1247-5p;24;0;23;41;14;15;28;31;102
hsa-miR-1248;34;70;23;49;46;66;46;10;229
hsa-miR-1249-3p;8;3;5;18;16;37;11;13;113
hsa-miR-1250-3p;2;0;2;1;6;1;4;4;19
hsa-miR-1251-3p;0;1;3;0;1;0;0;0;13
hsa-miR-1252-3p;4;0;2;4;4;5;1;9;14
hsa-miR-1252-5p;10;3;4;4;8;7;6;11;39
hsa-miR-1254;9;3;8;15;8;11;12;13;58
hsa-miR-1255a;3;1;4;0;3;8;5;1;19
hsa-miR-1255b-5p;7;4;8;8;10;3;5;7;33
hsa-miR-1257;95;28;42;53;70;80;33;125;317
hsa-miR-1258;0;1;0;1;2;2;1;0;12
hsa-miR-125a-3p;282;67;141;190;148;137;158;190;774
hsa-miR-125a-5p;50,606;13,314;26,271;44,210;32,966;34,514;34,527;44,390;164,722
hsa-miR-125b-1-3p;123;122;149;290;146;235;231;112;954
hsa-miR-125b-2-3p;30;20;29;41;47;60;42;23;309
hsa-miR-125b-5p;30,026;10,736;18,259;25,849;22,909;22,292;22,945;29,109;108,347
hsa-miR-126-3p;4,838;990;1,849;2,425;2,323;2,441;2,021;3,226;11,115
hsa-miR-126-5p;1,166;227;391;511;625;509;459;653;2,762
hsa-miR-1260a;23;6;13;16;5;11;21;9;65
hsa-miR-1260b;42;28;65;92;35;45;63;33;199
hsa-miR-1262;6;0;3;3;4;8;3;9;24
hsa-miR-1264;0;0;2;0;4;4;2;1;14
hsa-miR-1265;0;0;3;2;2;0;0;1;13
hsa-miR-1266-5p;11;7;16;65;14;20;36;15;162
hsa-miR-1268a;3;2;6;7;46;36;4;57;228
hsa-miR-1268b;64;22;45;61;79;88;50;115;441
hsa-miR-1269a;27;4;12;14;19;18;12;36;80
hsa-miR-1269b;122;39;55;90;72;76;83;116;384
hsa-miR-127-3p;202;69;118;175;144;189;190;210;735
hsa-miR-127-5p;8;5;3;7;8;6;11;8;37
hsa-miR-1271-5p;5;1;1;2;1;4;2;2;15
hsa-miR-1272;26;13;24;27;16;14;24;15;74
hsa-miR-1273a;4;3;2;3;3;1;4;5;24
hsa-miR-1273c;4;1;6;5;7;6;4;8;33
hsa-miR-1273e;1;0;3;6;1;2;3;2;18
hsa-miR-1273f;4;0;3;4;2;1;6;2;12
hsa-miR-1273g-3p;5;3;3;4;2;4;5;2;22
hsa-miR-1275;95;5;45;91;54;64;81;106;307
hsa-miR-1276;9;3;3;10;2;3;1;4;22
hsa-miR-1277-3p;51;39;37;44;18;24;44;12;122
hsa-miR-1277-5p;657;449;420;573;553;592;492;390;2,723
hsa-miR-1278;8;2;2;6;3;8;9;6;34
hsa-miR-128-1-5p;10;4;6;10;15;11;7;19;75
hsa-miR-128-3p;2,175;697;1,401;1,984;1,935;1,858;1,529;2,333;9,864
hsa-miR-1282;3;0;0;0;0;2;2;2;11
hsa-miR-1283;2;2;6;4;5;1;3;2;11
hsa-miR-1284;9;5;4;10;8;6;10;6;33
hsa-miR-1285-3p;20;14;14;25;21;36;16;8;127
hsa-miR-1287-5p;73;29;44;62;57;64;58;66;283
hsa-miR-129-1-3p;1;1;1;2;4;4;1;0;13
hsa-miR-129-2-3p;3;0;1;3;2;0;2;5;15
hsa-miR-129-5p;10;3;11;8;13;9;3;13;32
hsa-miR-1292-5p;146;92;175;223;116;98;209;73;536
hsa-miR-1293;8;4;3;7;5;6;8;8;35
hsa-miR-1294;21;9;13;17;18;12;11;22;84
hsa-miR-1295b-3p;3;1;0;1;5;3;0;2;24
hsa-miR-1296-3p;1;3;0;5;4;9;3;2;27
hsa-miR-1296-5p;26;6;11;17;38;59;15;84;342
hsa-miR-1298-5p;6;0;0;4;3;2;6;9;15
hsa-miR-1299;196;43;103;123;136;134;110;143;543
hsa-miR-1301-3p;176;40;107;224;94;109;146;125;568
hsa-miR-1303;32;10;36;68;39;32;48;39;209
hsa-miR-1304-3p;11;3;11;11;13;11;5;11;55
hsa-miR-1304-5p;38;18;34;37;58;53;46;47;224
hsa-miR-1305;5;4;5;5;6;7;4;2;28
hsa-miR-1306-3p;4;0;5;1;3;3;4;3;23
hsa-miR-1306-5p;20;9;8;21;25;19;15;28;115
hsa-miR-1307-3p;549;108;434;887;262;296;632;454;1,582
hsa-miR-1307-5p;684;457;493;591;546;687;617;487;3,429
hsa-miR-130a-3p;2,762;1,261;1,837;2,402;1,655;1,631;2,058;1,752;7,264
hsa-miR-130b-3p;286;101;143;208;182;194;197;305;894
hsa-miR-130b-5p;41;24;38;44;58;95;55;49;389
hsa-miR-132-3p;696;338;431;662;556;736;478;341;3,141
hsa-miR-132-5p;149;75;89;116;87;87;122;59;422
hsa-miR-133a-3p;12;3;3;4;5;4;6;2;22
hsa-miR-133b;23;1;14;16;16;23;15;24;83
hsa-miR-134-5p;88;36;41;87;56;77;79;133;333
hsa-miR-1343-3p;6;0;1;0;4;2;4;2;16
hsa-miR-135a-5p;22;6;7;8;9;7;5;8;44
hsa-miR-135b-3p;1;0;3;3;1;4;4;2;21
hsa-miR-135b-5p;71;53;62;61;31;39;60;26;189
hsa-miR-136-3p;40;17;30;30;19;28;24;34;109
hsa-miR-136-5p;38;43;28;48;38;51;40;17;214
hsa-miR-137;1,086;426;522;735;568;671;652;560;3,027
hsa-miR-138-1-3p;83;48;53;96;72;101;75;63;397
hsa-miR-138-2-3p;2;0;1;0;2;4;1;0;14
hsa-miR-138-5p;4,514;3,017;3,671;4,927;3,905;4,816;4,723;2,720;20,993
hsa-miR-139-5p;4;2;6;8;7;2;8;5;19
hsa-miR-140-3p;1,550;480;853;1,315;1,004;969;1,132;1,188;4,868
hsa-miR-140-5p;333;149;178;231;228;230;202;255;1,124
hsa-miR-141-3p;282;108;168;193;129;118;150;86;600
hsa-miR-141-5p;6;5;6;4;3;5;1;7;33
hsa-miR-142-3p;280;24;114;213;136;87;119;142;642
hsa-miR-142-5p;114;19;187;465;189;49;202;17;760
hsa-miR-143-3p;703;28;36;69;71;64;55;43;325
hsa-miR-144-3p;11;1;1;4;0;1;2;4;7
hsa-miR-144-5p;4;0;5;6;5;0;3;4;16
hsa-miR-145-3p;1;0;0;0;4;1;0;1;13
hsa-miR-145-5p;35;4;8;8;5;3;3;1;24
hsa-miR-1468-5p;21;9;13;13;9;13;9;8;54
hsa-miR-146a-3p;91;27;30;60;1;0;44;1;12
hsa-miR-146a-5p;10,056;2,470;4,820;6,372;87;12;5,526;31;145
hsa-miR-146b-3p;1;3;3;3;1;1;4;1;13
hsa-miR-146b-5p;214;58;144;156;79;93;158;95;444
hsa-miR-147b;1,857;1,145;1,444;1,744;29;7;1,440;8;48
hsa-miR-148a-3p;353;161;243;361;258;219;245;246;1,119
hsa-miR-148a-5p;4;2;3;2;1;6;5;1;20
hsa-miR-148b-3p;4,185;1,549;2,628;3,251;3,461;3,044;2,852;3,686;15,303
hsa-miR-148b-5p;128;52;64;106;69;62;74;54;324
hsa-miR-149-3p;8;6;7;14;3;6;13;5;41
hsa-miR-149-5p;236;115;135;182;385;474;186;313;2,150
hsa-miR-150-5p;45;3;43;139;44;14;57;6;227
hsa-miR-151a-3p;7,002;2,151;4,080;5,676;4,058;3,830;4,509;5,843;18,971
hsa-miR-151b/151a-5p;1,010;361;631;759;547;494;567;608;2,553
hsa-miR-152-3p;2,066;657;1,117;1,379;1,460;1,296;1,176;1,773;6,781
hsa-miR-152-5p;14;7;5;10;3;16;5;10;35
hsa-miR-153-3p;10;7;12;6;5;6;8;6;33
hsa-miR-1537-3p;0;1;1;5;1;6;1;0;18
hsa-miR-1537-5p;1;0;0;1;2;1;1;0;18
hsa-miR-1539;37;10;23;25;21;16;29;19;95
hsa-miR-154-3p;2;3;1;4;4;5;6;4;17
hsa-miR-154-5p;21;12;11;25;23;23;22;13;112
hsa-miR-155-5p;764;175;319;464;23;14;359;9;83
hsa-miR-15a-3p;2;1;3;4;14;5;4;9;51
hsa-miR-15a-5p;1,876;1,200;1,085;1,477;1,640;1,818;1,415;1,170;8,314
hsa-miR-15b-3p;566;194;276;356;602;631;318;758;2,874
hsa-miR-15b-5p;4,587;1,748;2,604;3,697;3,810;3,977;3,327;3,240;18,593
hsa-miR-16-1-3p;12;3;4;7;12;20;8;26;128
hsa-miR-16-2-3p;173;75;127;157;168;190;123;208;827
hsa-miR-16-5p;124,942;32,956;60,619;85,107;78,872;79,787;64,678;98,462;371,090
hsa-miR-17-3p;117;97;93;150;161;206;106;119;913
hsa-miR-17-5p;544;265;341;485;456;497;361;450;2,020
hsa-miR-181a-2-3p;493;191;294;388;477;612;416;601;2,482
hsa-miR-181a-3p;117;49;98;113;295;305;111;311;1,586
hsa-miR-181a-5p;2,264;1,933;1,669;3,160;1,971;4,419;2,343;1,158;13,463
hsa-miR-181b-2-3p;39;12;18;24;23;21;27;54;137
hsa-miR-181b-3p;14;6;4;10;23;19;3;30;107
hsa-miR-181b-5p;1,491;1,077;1,056;1,771;1,419;2,293;1,330;846;8,392
hsa-miR-181c-3p;35;17;19;38;42;36;34;25;181
hsa-miR-181c-5p;47;55;41;61;34;50;50;14;175
hsa-miR-181d-3p;3;0;1;3;2;1;2;3;25
hsa-miR-181d-5p;67;63;64;69;72;100;69;27;354
hsa-miR-182-3p;13;12;10;14;21;20;16;19;107
hsa-miR-182-5p;5,585;1,497;3,298;3,851;3,425;2,670;3,373;3,888;15,040
hsa-miR-183-3p;28;9;14;31;18;27;13;14;114
hsa-miR-183-5p;2,268;625;1,284;1,692;1,641;1,661;1,484;1,951;7,764
hsa-miR-184;10;6;4;7;7;2;4;6;26
hsa-miR-185-3p;8;7;14;25;12;11;15;16;70
hsa-miR-185-5p;1,760;578;1,230;1,935;1,452;1,247;1,505;1,286;6,837
hsa-miR-186-3p;14;9;12;16;14;15;6;12;86
hsa-miR-186-5p;1,929;1,046;1,396;1,951;1,411;1,473;1,669;1,257;6,988
hsa-miR-187-3p;8;6;5;17;14;19;10;33;78
hsa-miR-188-3p;2;0;0;0;0;0;1;2;12
hsa-miR-188-5p;16;15;12;11;13;24;11;17;92
hsa-miR-18a-3p;49;33;43;78;41;101;55;19;307
hsa-miR-18a-5p;353;223;260;308;281;304;269;198;1,392
hsa-miR-1908-3p;7;0;4;14;6;2;16;6;31
hsa-miR-1908-5p;8;0;3;11;2;0;2;10;15
hsa-miR-1909-3p;182;65;155;259;84;52;207;95;455
hsa-miR-190a-3p;6;8;7;4;10;10;11;4;51
hsa-miR-190a-5p;496;297;311;468;575;587;345;496;2,700
hsa-miR-190b;32;18;20;33;19;21;29;22;110
hsa-miR-191-3p;17;6;16;23;58;49;14;50;221
hsa-miR-191-5p;6,782;1,366;4,142;6,686;5,420;4,524;5,004;8,239;26,643
hsa-miR-1911-5p;6;3;5;3;5;7;8;0;33
hsa-miR-1914-3p;7;4;2;8;2;1;16;3;23
hsa-miR-1914-5p;6;1;2;5;0;1;7;1;11
hsa-miR-192-3p;124;72;83;129;190;170;94;140;774
hsa-miR-192-5p;24,437;11,609;18,766;24,855;24,446;23,092;20,400;23,036;114,733
hsa-miR-193a-3p;9;14;7;11;8;21;7;8;65
hsa-miR-193a-5p;124;20;92;159;42;49;104;82;303
hsa-miR-193b-3p;415;401;353;569;255;511;545;113;1,683
hsa-miR-193b-5p;782;140;442;855;257;297;652;415;1,568
hsa-miR-194-3p;50;16;31;57;74;80;33;90;416
hsa-miR-194-5p;8,259;5,218;7,119;8,646;9,300;8,715;7,724;6,317;42,924
hsa-miR-195-3p;14;10;6;11;8;2;9;10;25
hsa-miR-195-5p;241;127;170;215;199;205;169;104;839
hsa-miR-196a-3p;2;6;1;2;10;3;6;5;32
hsa-miR-196a-5p;2,046;806;1,454;1,927;1,501;1,346;1,417;1,558;6,871
hsa-miR-196b-3p;5;0;3;6;0;1;4;2;13
hsa-miR-196b-5p;698;210;318;441;382;338;332;504;1,762
hsa-miR-197-3p;153;50;115;260;112;133;184;99;597
hsa-miR-197-5p;7;3;2;9;3;2;6;7;11
hsa-miR-1972;5;2;2;10;4;7;7;4;29
hsa-miR-1976;2;2;1;6;1;1;3;1;28
hsa-miR-199a-3p;170;4;3;5;7;8;3;12;23
hsa-miR-199a-5p;29;15;23;42;10;12;27;5;62
hsa-miR-199b-3p;32;4;3;13;20;35;14;10;98
hsa-miR-199b-5p;11;3;2;4;2;1;5;1;8
hsa-miR-19a-3p;1,218;938;830;893;1,177;1,244;843;946;5,507
hsa-miR-19a-5p;15;9;8;5;18;16;12;22;87
hsa-miR-19b-1-5p;10;25;14;15;29;70;9;17;182
hsa-miR-19b-3p;4,603;2,509;2,600;3,079;3,738;3,844;3,248;3,344;17,264
hsa-miR-200a-3p;1,998;1,179;1,433;2,171;342;333;1,833;228;1,569
hsa-miR-200a-5p;31;13;13;12;5;4;10;4;11
hsa-miR-200b-3p;807;513;647;919;136;184;749;104;711
hsa-miR-200b-5p;18;7;17;33;11;3;25;4;12
hsa-miR-200c-3p;91;22;61;64;49;58;45;51;269
hsa-miR-200c-5p;3;0;0;4;0;4;0;5;14
hsa-miR-203a-3p;94;38;56;84;21;20;76;25;96
hsa-miR-203a-5p;4;1;3;10;4;3;11;6;47
hsa-miR-203b-5p;5;1;6;5;1;3;2;2;16
hsa-miR-204-3p;0;0;0;1;0;0;2;0;11
hsa-miR-204-5p;5;2;3;8;0;3;1;2;10
hsa-miR-205-5p;127;53;58;77;3;3;81;3;5
hsa-miR-2054;21;11;14;12;17;23;18;31;77
hsa-miR-206;10;4;2;7;6;9;4;12;39
hsa-miR-208a-5p;3;2;1;2;2;2;2;0;18
hsa-miR-208b-3p;20;9;13;10;12;7;8;14;45
hsa-miR-20a-3p;62;49;54;63;91;117;70;78;424
hsa-miR-20a-5p;7,074;4,006;5,054;6,811;8,282;8,580;5,992;5,711;41,705
hsa-miR-20b-5p;15;11;16;23;18;22;16;19;103
hsa-miR-21-3p;6,919;2,659;3,627;4,551;5,319;4,807;4,294;5,592;25,632
hsa-miR-21-5p;633,339;256,867;287,009;415,161;368,890;469,414;367,700;236,577;2,089,507
hsa-miR-210-3p;3,101;1,338;1,907;2,412;1,560;1,389;2,306;1,269;6,945
hsa-miR-210-5p;12;0;4;12;1;5;11;0;15
hsa-miR-211-5p;5;1;2;1;2;3;2;5;18
hsa-miR-2110;29;6;14;36;8;8;23;23;85
hsa-miR-2114-5p;2;1;1;5;1;1;5;1;15
hsa-miR-2115-3p;4;3;6;3;13;10;3;12;64
hsa-miR-2116-3p;44;9;19;24;20;26;18;49;150
hsa-miR-2116-5p;65;11;25;42;28;24;25;27;131
hsa-miR-2117;127;34;48;51;21;45;82;30;149
hsa-miR-212-3p;24;13;14;18;20;17;22;8;82
hsa-miR-212-5p;7;3;8;22;8;10;10;4;35
hsa-miR-214-3p;3;0;4;0;7;4;1;0;20
hsa-miR-214-5p;9;3;7;8;18;9;6;21;76
hsa-miR-215-5p;196;125;223;199;148;138;180;125;635
hsa-miR-216a-5p;25;5;16;17;7;18;14;22;92
hsa-miR-216b-3p;0;2;1;20;2;0;9;0;31
hsa-miR-217;9;5;7;8;8;10;5;7;58
hsa-miR-218-2-3p;14;1;1;12;5;4;3;7;26
hsa-miR-218-5p;560;179;263;357;381;406;293;402;1,760
hsa-miR-219a-1-3p;3;0;1;3;4;5;2;3;19
hsa-miR-219a-5p;11;9;9;9;18;19;5;10;72
hsa-miR-219b-5p;16;9;4;14;11;10;10;10;59
hsa-miR-22-3p;9,512;7,082;7,494;12,531;6,199;7,865;10,296;3,424;35,852
hsa-miR-22-5p;344;345;296;492;229;420;436;103;1,453
hsa-miR-221-3p;15,960;10,720;11,926;19,715;12,166;19,008;16,227;9,450;71,856
hsa-miR-221-5p;249;109;118;212;124;272;228;141;955
hsa-miR-222-3p;2,734;2,736;2,278;4,088;2,459;4,798;3,035;1,936;16,576
hsa-miR-222-5p;11;7;6;4;49;72;9;107;326
hsa-miR-223-3p;138;23;859;2,139;790;132;929;72;3,238
hsa-miR-224-3p;2;4;1;3;4;9;3;1;27
hsa-miR-224-5p;15,980;5,763;11,196;15,824;18,792;18,140;12,935;20,366;91,006
hsa-miR-2276-3p;4;0;3;8;3;6;5;2;17
hsa-miR-2277-3p;62;17;60;56;33;25;75;40;161
hsa-miR-2277-5p;13;4;7;17;14;19;23;9;74
hsa-miR-2278;9;6;7;5;8;5;3;6;35
hsa-miR-2355-3p;93;53;73;113;54;82;80;45;325
hsa-miR-2355-5p;9;13;16;9;11;17;8;12;52
hsa-miR-2392;8;13;11;9;11;40;11;11;125
hsa-miR-23a-3p;17,496;10,452;13,535;19,626;15,384;18,728;17,563;10,877;80,416
hsa-miR-23a-5p;44;2;24;43;15;14;23;21;99
hsa-miR-23b-3p;26,644;12,343;16,467;23,209;15,392;18,612;20,104;13,229;80,169
hsa-miR-23b-5p;229;55;94;156;190;219;119;254;1,126
hsa-miR-23c;16;10;9;19;8;22;16;5;111
hsa-miR-24-1-5p;2;5;2;2;1;4;4;2;14
hsa-miR-24-2-5p;16;3;18;12;4;4;10;6;44
hsa-miR-24-3p;37,577;14,725;23,622;33,461;24,891;26,776;26,582;22,198;126,022
hsa-miR-2467-3p;36;12;20;23;7;11;15;19;48
hsa-miR-2467-5p;13;5;6;12;10;8;12;11;68
hsa-miR-25-3p;10,072;2,838;5,894;8,174;8,280;6,783;6,764;9,169;38,732
hsa-miR-25-5p;127;22;86;121;128;131;104;220;637
hsa-miR-2681-3p;3;2;3;7;3;0;0;4;13
hsa-miR-2681-5p;7;2;2;2;3;2;7;6;15
hsa-miR-2682-3p;20;5;10;21;9;29;22;10;71
hsa-miR-2682-5p;14;0;2;5;2;5;4;4;23
hsa-miR-26a-1-3p;9;9;7;9;17;8;7;34;105
hsa-miR-26a-2-3p;190;55;59;103;38;46;103;63;216
hsa-miR-26a-5p;23,302;10,388;14,649;21,037;12,156;15,138;17,187;10,981;66,757
hsa-miR-26b-3p;13;9;7;19;13;19;12;25;91
hsa-miR-26b-5p;10,635;4,774;7,507;10,617;8,950;8,860;8,213;9,314;42,655
hsa-miR-27a-3p;22,721;10,009;13,841;15,917;13,004;11,526;14,409;11,095;58,877
hsa-miR-27a-5p;718;374;602;885;413;582;702;300;2,527
hsa-miR-27b-3p;76,060;22,153;37,097;42,757;53,953;44,412;35,925;59,338;237,572
hsa-miR-27b-5p;312;97;152;181;234;297;141;227;1,273
hsa-miR-28-3p;3,467;764;1,798;2,327;1,643;1,388;1,987;2,291;7,548
hsa-miR-28-5p;146;135;113;183;105;216;145;70;728
hsa-miR-296-3p;25;8;7;20;9;6;17;10;42
hsa-miR-296-5p;2;2;2;4;3;1;0;0;10
hsa-miR-298;5;0;1;4;2;1;1;4;12
hsa-miR-299-3p;10;1;7;6;9;7;14;21;48
hsa-miR-299-5p;57;20;24;42;30;37;46;41;180
hsa-miR-29a-3p;49,488;19,806;26,389;33,859;19,855;19,063;34,217;26,283;91,118
hsa-miR-29a-5p;219;290;173;277;130;239;207;74;753
hsa-miR-29b-1-5p;222;84;109;177;75;107;132;161;419
hsa-miR-29b-2-5p;43;17;33;45;17;21;29;14;93
hsa-miR-29b-3p;29,861;15,017;18,767;23,844;12,196;13,648;19,744;15,253;53,216
hsa-miR-29c-3p;5,449;2,910;3,359;4,280;2,755;2,318;4,068;2,767;11,740
hsa-miR-29c-5p;292;159;204;306;192;161;256;127;770
hsa-miR-300;1;0;0;3;2;2;2;0;11
hsa-miR-301a-3p;605;372;419;566;575;530;497;528;2,581
hsa-miR-301a-5p;29;18;18;30;42;52;13;40;215
hsa-miR-301b-3p;19;17;5;15;14;5;14;8;29
hsa-miR-301b-5p;4;3;2;5;2;3;5;1;13
hsa-miR-302a-5p;19;3;13;8;0;0;11;0;1
hsa-miR-302b-3p;13;7;2;4;1;1;2;2;1
hsa-miR-302b-5p;87;61;73;117;82;64;74;32;396
hsa-miR-302c-5p;1;1;1;1;4;4;0;1;21
hsa-miR-302f;16;34;15;22;9;24;21;8;105
hsa-miR-3064-5p;9;1;4;5;1;6;3;1;24
hsa-miR-30a-3p;1,465;394;862;708;1,215;843;683;1,136;4,406
hsa-miR-30a-5p;27,632;9,296;14,859;18,314;21,980;22,738;17,241;22,939;111,177
hsa-miR-30b-3p;20;7;10;14;11;12;16;11;63
hsa-miR-30b-5p;1,416;856;900;1,042;1,045;1,014;993;894;4,467
hsa-miR-30c-1-3p;21;3;13;9;15;21;9;25;107
hsa-miR-30c-2-3p;225;43;109;149;241;262;128;312;1,176
hsa-miR-30c-5p;4,545;1,812;2,297;3,175;3,926;4,290;2,683;4,340;17,644
hsa-miR-30d-3p;142;54;97;119;101;82;81;87;443
hsa-miR-30d-5p;11,433;3,185;6,968;10,257;6,688;7,185;8,834;6,426;36,637
hsa-miR-30e-3p;303;105;191;187;308;186;177;217;1,109
hsa-miR-30e-5p;5,595;3,003;3,689;5,168;5,646;6,021;4,239;5,061;28,080
hsa-miR-31-3p;788;540;503;612;828;845;567;756;3,662
hsa-miR-31-5p;68,592;24,513;38,759;57,928;47,991;52,985;53,114;55,136;247,688
hsa-miR-3115;2;1;2;0;4;2;1;3;14
hsa-miR-3116;4;2;1;3;5;4;0;3;20
hsa-miR-3118;51;20;35;42;54;59;33;51;271
hsa-miR-3122;48;9;27;32;26;31;29;36;133
hsa-miR-3124-3p;2;2;2;0;2;5;1;3;18
hsa-miR-3127-5p;2;0;3;5;4;1;3;4;15
hsa-miR-3128;7;4;7;8;9;3;1;5;25
hsa-miR-3129-3p;18;12;9;30;12;15;20;7;73
hsa-miR-3129-5p;20;3;11;6;13;4;11;8;49
hsa-miR-3130-3p;3;0;2;1;1;3;5;5;24
hsa-miR-3130-5p;4;3;10;7;4;5;8;7;25
hsa-miR-3132;1;1;2;0;2;1;0;4;11
hsa-miR-3133;7;1;4;11;9;8;8;6;44
hsa-miR-3134;1;1;3;2;1;3;0;3;14
hsa-miR-3135b;9;4;11;21;4;3;9;8;32
hsa-miR-3136-3p;7;3;7;7;9;23;5;2;48
hsa-miR-3136-5p;5;3;9;10;0;6;5;7;19
hsa-miR-3138;5;0;3;9;3;3;3;4;25
hsa-miR-3140-3p;7;0;1;6;5;3;6;2;21
hsa-miR-3141;86;22;84;208;38;25;119;50;201
hsa-miR-3143;1;0;1;0;5;1;1;3;18
hsa-miR-3144-3p;12;11;13;15;19;11;15;8;58
hsa-miR-3144-5p;31;4;11;28;20;8;19;33;125
hsa-miR-3145-3p;3;0;2;1;3;0;4;1;14
hsa-miR-3146;1;1;1;5;5;5;2;2;15
hsa-miR-3149;4;2;1;2;5;2;1;4;24
hsa-miR-3150a-3p;13;2;8;9;12;13;10;19;67
hsa-miR-3150b-3p;4;0;1;69;6;7;51;3;140
hsa-miR-3151-3p;2;3;4;7;5;2;1;5;24
hsa-miR-3151-5p;2;0;0;6;0;3;2;0;38
hsa-miR-3152-3p;3;3;1;0;1;1;3;1;19
hsa-miR-3152-5p;5;2;5;9;5;4;10;15;38
hsa-miR-3153;20;6;11;14;20;25;7;39;140
hsa-miR-3157-5p;7;4;7;14;9;9;10;9;52
hsa-miR-3158-3p;3;3;6;10;4;7;6;2;38
hsa-miR-3160-5p;1;2;2;1;1;1;0;5;25
hsa-miR-3167;1;4;2;8;5;2;7;0;26
hsa-miR-3168;24;28;242;1,206;163;137;520;113;2,501
hsa-miR-3170;2;0;5;7;3;8;6;7;23
hsa-miR-3173-3p;5;4;6;4;10;2;5;6;26
hsa-miR-3173-5p;48;14;27;50;30;32;29;30;119
hsa-miR-3174;7;3;16;15;10;12;10;6;38
hsa-miR-3175;49;4;23;37;7;4;33;17;24
hsa-miR-3176;16;11;17;38;16;17;20;16;93
hsa-miR-3178;2;3;0;2;1;2;4;3;11
hsa-miR-3179;4;0;7;3;2;5;3;5;18
hsa-miR-3180;2;0;1;2;0;1;4;2;13
hsa-miR-3182;4;1;3;5;8;3;4;1;19
hsa-miR-3187-3p;20;4;16;18;14;12;17;12;56
hsa-miR-3192-3p;3;0;0;4;2;5;3;2;16
hsa-miR-3192-5p;4;0;3;5;5;3;5;8;22
hsa-miR-3193;2;2;2;1;1;2;1;3;14
hsa-miR-3194-5p;7;3;2;6;5;6;4;6;39
hsa-miR-32-3p;50;12;47;27;30;32;30;42;133
hsa-miR-32-5p;1,131;947;824;1,058;680;889;1,018;453;3,728
hsa-miR-3200-3p;16;3;15;17;16;8;16;16;95
hsa-miR-3200-5p;3;1;2;1;1;3;0;1;14
hsa-miR-3201;3;0;0;2;3;3;2;5;23
hsa-miR-320a;4,276;931;2,687;5,357;2,054;2,705;4,029;2,386;13,644
hsa-miR-320b;302;98;178;343;212;237;245;185;1,201
hsa-miR-320c;305;87;229;356;167;198;284;130;899
hsa-miR-320d;76;30;52;85;48;59;56;48;303
hsa-miR-320e;10;6;4;14;5;5;11;7;50
hsa-miR-323a-3p;60;21;44;56;47;49;41;63;255
hsa-miR-323b-3p;19;5;11;14;13;15;16;16;88
hsa-miR-324-3p;134;44;96;206;142;164;181;126;760
hsa-miR-324-5p;219;84;188;263;125;109;217;126;629
hsa-miR-325;30;14;20;28;16;21;12;12;96
hsa-miR-326;19;7;15;24;26;27;22;27;167
hsa-miR-328-3p;31;10;31;57;28;28;44;44;136
hsa-miR-328-5p;3;1;3;3;1;0;3;2;12
hsa-miR-329-3p;16;5;21;5;9;18;15;14;66
hsa-miR-329-5p;3;2;1;0;3;5;2;3;21
hsa-miR-330-3p;13;5;14;24;11;8;17;15;50
hsa-miR-330-5p;89;47;63;121;78;74;107;38;368
hsa-miR-331-3p;560;152;323;523;290;317;391;442;1,561
hsa-miR-331-5p;123;49;74;110;120;107;72;91;589
hsa-miR-335-3p;200;261;188;357;328;568;279;221;1,956
hsa-miR-335-5p;1,395;569;833;1,185;1,237;1,229;1,025;1,444;5,539
hsa-miR-337-3p;6;3;6;5;6;13;3;9;52
hsa-miR-337-5p;28;15;26;28;32;29;35;41;114
hsa-miR-338-3p;60;42;58;58;59;63;70;53;268
hsa-miR-338-5p;6;0;4;2;6;3;4;3;18
hsa-miR-339-3p;286;81;170;224;200;228;192;245;1,095
hsa-miR-339-5p;894;290;448;659;1,107;1,188;697;1,317;5,711
hsa-miR-33a-3p;7;3;4;2;9;4;9;7;30
hsa-miR-33a-5p;164;104;88;116;68;64;98;62;344
hsa-miR-33b-3p;7;1;2;5;6;4;8;8;48
hsa-miR-33b-5p;114;64;62;76;46;38;84;35;165
hsa-miR-340-3p;40;20;31;42;11;18;21;4;74
hsa-miR-340-5p;953;447;534;808;882;1,031;707;665;4,260
hsa-miR-342-3p;1,809;429;960;1,695;1,472;1,661;1,352;1,959;8,128
hsa-miR-342-5p;18;4;14;21;22;21;10;13;59
hsa-miR-345-3p;6;0;1;1;5;10;1;7;36
hsa-miR-345-5p;259;108;148;196;224;235;194;252;1,179
hsa-miR-34a-3p;29;11;9;15;24;23;21;26;92
hsa-miR-34a-5p;12,976;5,162;7,284;9,697;10,175;9,733;8,283;10,362;46,958
hsa-miR-34b-3p;33;11;12;12;16;22;26;22;62
hsa-miR-34b-5p;114;43;39;55;49;48;69;42;267
hsa-miR-34c-3p;29;11;13;40;17;13;16;18;83
hsa-miR-34c-5p;414;136;179;246;190;202;231;209;1,001
hsa-miR-3605-3p;13;3;7;14;3;6;12;12;40
hsa-miR-3607-3p;4;2;7;5;5;1;4;2;19
hsa-miR-3609;3;3;3;2;0;5;3;0;10
hsa-miR-361-3p;1,122;332;575;848;475;440;779;645;2,336
hsa-miR-361-5p;2,113;771;1,368;2,021;1,439;1,774;1,705;1,470;8,188
hsa-miR-3611;33;17;18;30;20;16;28;16;102
hsa-miR-3613-3p;34;39;37;48;58;61;44;40;346
hsa-miR-3613-5p;405;226;247;376;238;264;397;152;1,216
hsa-miR-3614-3p;33;25;24;35;1;2;41;3;14
hsa-miR-3614-5p;110;33;83;100;6;2;77;2;18
hsa-miR-3615;100;19;61;141;48;47;109;63;360
hsa-miR-3616-3p;3;1;2;3;4;3;0;2;19
hsa-miR-3617-3p;4;1;2;2;2;3;2;3;17
hsa-miR-3619-3p;1;3;2;3;2;1;1;1;11
hsa-miR-3619-5p;2;2;1;1;1;4;1;3;15
hsa-miR-362-3p;14;7;9;10;14;18;7;9;59
hsa-miR-362-5p;71;49;32;71;52;118;56;31;347
hsa-miR-3620-3p;5;2;1;5;4;3;5;6;20
hsa-miR-3622a-5p;2;4;0;1;3;10;3;3;35
hsa-miR-3622b-3p;1;0;4;1;1;2;1;3;13
hsa-miR-363-3p;5;6;22;46;17;18;18;6;83
hsa-miR-3653-3p;1;1;1;1;0;3;1;0;15
hsa-miR-3653-5p;3;2;4;2;8;7;3;3;36
hsa-miR-3654;0;1;0;1;1;4;1;5;14
hsa-miR-3656;1;0;0;3;2;2;4;6;12
hsa-miR-3657;9;11;12;7;8;8;9;13;38
hsa-miR-3658;2;0;0;1;3;4;1;1;15
hsa-miR-365a-3p;3,024;1,583;1,993;3,446;1,088;1,442;3,177;698;5,832
hsa-miR-365a-5p;85;10;64;108;25;37;98;41;193
hsa-miR-365b-3p;2,537;1,246;1,597;2,649;1,780;2,487;2,453;1,301;9,769
hsa-miR-365b-5p;13;2;6;16;7;5;7;6;36
hsa-miR-3662;8;1;7;4;5;4;4;6;22
hsa-miR-3663-5p;1;1;2;4;2;4;2;2;12
hsa-miR-3664-3p;12;7;8;11;12;16;13;9;45
hsa-miR-3664-5p;0;2;0;1;1;0;1;3;11
hsa-miR-3666;2;7;5;5;1;1;7;3;31
hsa-miR-3667-3p;23;7;8;18;6;3;10;13;35
hsa-miR-3667-5p;4;1;0;2;1;2;3;0;12
hsa-miR-3674;1;2;1;1;0;2;1;0;11
hsa-miR-3675-5p;1;0;0;2;0;0;2;2;16
hsa-miR-3677-5p;3;3;1;2;2;2;3;3;13
hsa-miR-3679-5p;3;1;6;12;1;2;6;8;25
hsa-miR-3680-3p;2;0;2;4;8;2;2;1;16
hsa-miR-3682-3p;3;0;3;6;3;1;4;1;22
hsa-miR-3683;2;0;2;0;1;2;4;1;13
hsa-miR-3684;3;1;3;5;3;4;6;1;16
hsa-miR-3685;3;0;1;6;5;2;2;2;20
hsa-miR-3688-3p;1;1;1;3;4;4;2;2;15
hsa-miR-369-3p;61;61;43;68;64;110;83;40;402
hsa-miR-369-5p;45;19;31;33;42;52;39;48;231
hsa-miR-3691-3p;3;1;2;6;2;1;3;2;14
hsa-miR-3692-3p;51;25;27;33;49;53;22;49;213
hsa-miR-3692-5p;103;41;82;115;39;32;109;41;189
hsa-miR-370-3p;24;4;18;23;8;18;23;36;85
hsa-miR-370-5p;3;0;1;2;1;1;1;5;13
hsa-miR-371a-5p;3;2;2;2;3;2;3;6;17
hsa-miR-371b-3p;3;1;1;4;9;5;1;8;43
hsa-miR-371b-5p;8;5;3;2;1;1;2;1;11
hsa-miR-374a-3p;812;364;494;572;553;508;511;630;2,677
hsa-miR-374a-5p;4,991;4,936;3,782;5,472;4,583;6,236;4,929;2,437;25,313
hsa-miR-374b-3p;72;41;53;53;66;98;64;108;368
hsa-miR-374b-5p;883;690;651;1,052;690;1,267;808;410;4,155
hsa-miR-374c-5p;5;1;1;1;3;0;2;2;13
hsa-miR-375;21;33;36;54;68;77;55;17;353
hsa-miR-376a-2-5p;6;5;6;7;1;3;4;5;20
hsa-miR-376a-3p;102;51;46;91;103;89;73;132;396
hsa-miR-376a-5p;8;7;4;14;2;6;15;6;32
hsa-miR-376b-3p;92;59;90;79;60;30;81;43;217
hsa-miR-376b-5p;4;1;0;5;4;4;5;2;11
hsa-miR-376c-3p;240;174;170;260;201;293;265;147;1,073
hsa-miR-376c-5p;10;4;8;6;12;14;8;17;50
hsa-miR-377-3p;47;62;52;82;42;64;64;19;212
hsa-miR-378a-3p;827;531;695;1,093;623;1,167;968;365;4,242
hsa-miR-378a-5p;126;53;66;86;87;92;81;96;399
hsa-miR-378c;85;34;75;94;74;78;110;28;368
hsa-miR-378d;15;18;12;25;16;17;18;11;70
hsa-miR-378e;1;2;6;2;4;5;4;2;12
hsa-miR-378f;3;2;2;5;5;7;3;3;11
hsa-miR-378g;5;1;3;4;1;1;6;4;17
hsa-miR-378h;1;1;3;2;3;5;1;0;10
hsa-miR-378i;6;4;5;4;2;7;1;5;25
hsa-miR-379-3p;5;3;2;3;5;4;3;7;30
hsa-miR-379-5p;126;49;98;133;115;125;91;191;636
hsa-miR-381-3p;190;91;134;171;239;243;154;228;1,200
hsa-miR-381-5p;16;5;3;11;30;24;20;38;142
hsa-miR-382-3p;9;5;9;13;10;11;10;12;77
hsa-miR-382-5p;131;49;69;110;92;91;80;137;458
hsa-miR-383-5p;3;1;0;2;1;3;3;1;15
hsa-miR-3910;6;0;1;3;2;5;2;2;20
hsa-miR-3912-3p;3;0;6;4;7;8;5;0;22
hsa-miR-3913-3p;2;1;1;0;7;2;2;4;16
hsa-miR-3913-5p;15;3;10;15;17;8;4;14;68
hsa-miR-3915;8;0;6;7;7;3;7;7;29
hsa-miR-3916;2;3;0;5;0;3;3;3;15
hsa-miR-3922-5p;2;1;0;0;2;2;2;4;17
hsa-miR-3928-3p;4;2;4;10;3;3;2;7;13
hsa-miR-3928-5p;5;1;2;0;1;3;0;3;15
hsa-miR-3934-3p;6;2;4;2;2;4;5;5;14
hsa-miR-3934-5p;8;7;7;22;1;5;10;6;28
hsa-miR-3936;4;3;4;4;4;2;2;0;16
hsa-miR-3937;2;1;1;4;5;8;5;8;56
hsa-miR-3940-3p;6;2;4;7;2;3;9;6;14
hsa-miR-3940-5p;3;0;2;2;3;4;1;0;13
hsa-miR-3941;5;0;5;4;1;2;3;2;18
hsa-miR-3942-3p;1;0;0;1;1;2;3;1;22
hsa-miR-3942-5p;3;2;2;0;2;2;3;1;19
hsa-miR-3943;1;10;20;10;9;1;3;2;13
hsa-miR-3944-3p;0;0;0;3;1;4;2;3;11
hsa-miR-3945;7;0;1;4;4;5;5;20;41
hsa-miR-3974;3;4;1;8;2;4;4;2;16
hsa-miR-3978;1;3;5;0;10;10;3;6;40
hsa-miR-409-3p;97;37;60;89;155;162;72;219;707
hsa-miR-409-5p;21;8;16;32;20;23;27;20;105
hsa-miR-410-3p;1;1;1;0;1;0;0;0;12
hsa-miR-410-5p;2;3;1;1;3;3;1;1;10
hsa-miR-411-3p;4;1;4;2;0;4;0;1;14
hsa-miR-411-5p;105;32;79;78;84;87;70;97;425
hsa-miR-421;580;185;355;541;262;255;432;264;1,171
hsa-miR-423-3p;1,041;511;786;1,854;1,040;2,200;1,202;935;8,398
hsa-miR-423-5p;2,321;367;1,466;3,400;1,265;1,346;2,292;2,305;7,619
hsa-miR-424-3p;81;24;52;93;62;57;72;70;316
hsa-miR-424-5p;1,539;1,213;1,407;1,633;1,679;1,411;1,414;1,276;7,481
hsa-miR-425-3p;124;47;99;100;103;100;110;101;506
hsa-miR-425-5p;1,006;554;893;1,697;1,644;2,627;1,274;987;10,718
hsa-miR-4252;0;0;3;0;0;1;0;0;16
hsa-miR-4254;8;1;5;6;6;3;4;4;26
hsa-miR-4257;4;0;2;2;0;2;1;5;11
hsa-miR-4259;4;2;1;6;2;3;1;2;16
hsa-miR-4263;3;1;2;3;4;8;3;2;21
hsa-miR-4269;5;0;1;1;5;7;1;4;34
hsa-miR-4270;4;2;2;6;7;4;4;10;28
hsa-miR-4271;31;8;18;29;31;38;26;82;164
hsa-miR-4272;148;73;79;86;67;82;106;117;457
hsa-miR-4273;20;6;9;10;16;23;6;21;115
hsa-miR-4274;2;3;0;5;3;2;1;7;11
hsa-miR-4275;2;1;1;1;1;0;3;0;12
hsa-miR-4280;2;0;1;1;3;1;1;2;12
hsa-miR-4281;8;4;6;8;5;10;11;5;32
hsa-miR-4286;146;64;124;176;71;70;194;57;406
hsa-miR-4288;1;0;0;2;0;0;1;1;13
hsa-miR-429;288;237;321;424;80;65;354;55;373
hsa-miR-4290;8;0;1;1;4;2;1;10;23
hsa-miR-4295;2;3;8;2;6;3;3;2;16
hsa-miR-4301;21;5;20;31;7;14;27;12;65
hsa-miR-4302;1;1;1;3;4;3;2;5;13
hsa-miR-4304;418;123;308;478;187;153;457;204;931
hsa-miR-4305;2;1;1;3;2;3;4;1;17
hsa-miR-4306;0;3;2;1;0;1;4;0;11
hsa-miR-4307;3;0;1;1;7;4;0;4;30
hsa-miR-431-5p;42;47;40;76;38;56;53;18;183
hsa-miR-4312;49;4;18;25;37;29;31;60;227
hsa-miR-4317;2;3;5;5;2;0;3;0;14
hsa-miR-432-5p;119;50;84;83;78;71;92;115;376
hsa-miR-4324;45;14;22;38;37;31;24;43;168
hsa-miR-4326;48;25;48;70;47;52;48;22;254
hsa-miR-4328;1;0;0;1;0;0;0;1;12
hsa-miR-4419b;1;0;1;1;1;0;2;2;10
hsa-miR-4421;2;2;1;0;1;3;2;3;10
hsa-miR-4423-3p;2;1;0;1;0;1;1;0;16
hsa-miR-4423-5p;44;2;18;24;42;32;19;47;180
hsa-miR-4424;3;2;1;5;1;6;1;3;20
hsa-miR-4429;5;1;7;9;3;2;7;5;32
hsa-miR-4430;3;0;3;5;8;7;4;8;33
hsa-miR-4433b-3p;0;1;0;0;1;1;0;0;10
hsa-miR-4434;1;0;1;10;1;6;5;4;42
hsa-miR-4438;10;7;8;12;8;6;5;20;54
hsa-miR-4440;6;3;2;41;3;2;3;7;23
hsa-miR-4442;44;10;28;21;64;62;20;46;257
hsa-miR-4443;8;1;4;7;3;3;13;5;14
hsa-miR-4445-3p;0;0;1;1;1;0;0;0;12
hsa-miR-4450;3;1;0;0;3;4;4;4;17
hsa-miR-4453;3;2;3;1;5;2;5;5;17
hsa-miR-4454;218;139;143;212;292;323;245;232;1,540
hsa-miR-4455;5;3;7;2;11;5;3;8;45
hsa-miR-4456;21;14;19;18;28;15;22;30;211
hsa-miR-4457;2;2;3;0;1;2;3;1;10
hsa-miR-4458;67;27;43;64;74;91;56;74;467
hsa-miR-4459;3;2;1;1;2;1;0;1;11
hsa-miR-4460;4;2;1;1;1;3;2;7;17
hsa-miR-4461;10;4;9;9;14;20;7;15;105
hsa-miR-4462;6;4;2;8;10;7;3;14;53
hsa-miR-4466;4;4;3;6;5;5;3;4;18
hsa-miR-4469;0;1;3;8;0;4;2;3;13
hsa-miR-4471;1;0;0;2;1;1;1;1;13
hsa-miR-4472;151;118;70;156;169;402;126;123;1,252
hsa-miR-4473;9;2;4;3;5;5;7;5;31
hsa-miR-4474-3p;6;3;4;3;0;2;5;1;17
hsa-miR-4477b;7;1;6;3;9;7;4;9;28
hsa-miR-4481;1;2;0;0;4;5;1;2;38
hsa-miR-4482-5p;3;2;4;1;11;8;1;5;39
hsa-miR-4483;261;119;217;280;380;373;214;370;2,216
hsa-miR-4484;138;51;80;131;145;205;109;196;792
hsa-miR-4485-3p;9;3;4;10;8;6;13;10;27
hsa-miR-4493;17;8;7;15;8;8;4;4;35
hsa-miR-449a;63;34;48;62;11;12;49;12;44
hsa-miR-449b-5p;5;5;8;12;3;1;10;1;2
hsa-miR-449c-3p;2;3;7;5;2;8;5;6;34
hsa-miR-449c-5p;33;17;20;39;57;58;34;42;366
hsa-miR-4501;3;6;4;8;3;4;3;2;18
hsa-miR-4502;1;1;2;3;1;1;4;4;17
hsa-miR-450a-1-3p;18;7;15;22;16;19;17;15;84
hsa-miR-450a-2-3p;11;3;2;10;11;9;8;6;52
hsa-miR-450a-5p;62;49;56;72;45;59;61;30;246
hsa-miR-450b-3p;5;3;6;5;3;3;10;3;18
hsa-miR-450b-5p;273;135;183;272;271;286;271;213;1,395
hsa-miR-4510;20;9;13;30;23;15;16;33;98
hsa-miR-4514;3;2;1;3;2;1;2;1;18
hsa-miR-4515;127;44;136;245;12;16;146;12;63
hsa-miR-4519;3;1;2;2;4;8;2;2;24
hsa-miR-451a;142;62;1,485;3,624;1,343;227;1,538;91;5,422
hsa-miR-451b;4;0;3;11;2;2;4;1;14
hsa-miR-452-5p;980;424;677;941;1,155;1,175;818;1,091;5,587
hsa-miR-4521;13;4;4;11;11;13;9;19;62
hsa-miR-4523;0;2;0;2;0;2;1;1;13
hsa-miR-4533;2;0;1;1;2;0;0;0;10
hsa-miR-4537;1;0;1;3;0;1;2;0;10
hsa-miR-454-3p;3,233;1,189;1,908;2,563;2,117;2,182;1,986;2,051;9,981
hsa-miR-454-5p;33;17;23;32;34;56;33;26;254
hsa-miR-455-3p;484;234;284;366;70;64;369;59;310
hsa-miR-455-5p;3,221;1,488;1,874;2,491;425;424;2,144;388;1,875
hsa-miR-4634;4;1;12;12;10;13;15;4;51
hsa-miR-4635;6;0;6;8;1;6;3;3;12
hsa-miR-4638-3p;7;1;11;6;3;1;7;3;24
hsa-miR-4639-5p;1;2;1;0;2;0;1;1;13
hsa-miR-4640-3p;2;2;3;3;3;2;3;2;16
hsa-miR-4642;2;2;2;1;2;0;0;1;10
hsa-miR-4644;5;3;3;12;2;3;4;4;16
hsa-miR-4645-3p;6;2;2;3;2;2;6;2;15
hsa-miR-4650-5p;1;0;2;1;4;1;2;2;15
hsa-miR-4652-3p;7;1;9;5;2;6;4;4;27
hsa-miR-4652-5p;1;0;2;2;2;1;0;2;17
hsa-miR-4653-3p;5;0;0;1;2;2;2;2;14
hsa-miR-4654;4;2;1;6;4;0;4;0;14
hsa-miR-4659a-3p;4;5;2;5;3;6;5;1;17
hsa-miR-466;14;3;7;3;4;0;2;6;16
hsa-miR-4660;26;4;20;31;7;9;16;17;77
hsa-miR-4661-5p;6;2;9;13;18;7;5;10;63
hsa-miR-4664-3p;1;0;2;3;2;8;4;3;15
hsa-miR-4664-5p;9;3;11;7;13;10;7;12;48
hsa-miR-4667-3p;2;2;2;2;2;2;3;4;21
hsa-miR-4667-5p;2;0;1;4;1;3;2;5;25
hsa-miR-4668-3p;5;0;7;2;9;2;2;9;34
hsa-miR-4668-5p;172;17;44;94;102;90;64;240;578
hsa-miR-4671-3p;2;2;1;4;1;3;4;5;21
hsa-miR-4673;4;0;0;1;2;4;1;5;22
hsa-miR-4676-3p;1;4;3;3;1;5;9;1;15
hsa-miR-4677-3p;15;10;14;21;9;8;14;21;40
hsa-miR-4677-5p;2;3;7;10;4;9;11;7;29
hsa-miR-4679;4;4;6;4;6;4;11;3;10
hsa-miR-4682;4;1;1;1;3;2;2;4;21
hsa-miR-4692;2;0;0;0;3;3;2;2;21
hsa-miR-4694-5p;4;2;10;9;0;2;13;6;8
hsa-miR-4698;3;0;3;0;4;2;1;0;11
hsa-miR-4701-5p;5;1;2;3;1;4;2;2;15
hsa-miR-4703-5p;6;1;4;5;8;1;3;2;28
hsa-miR-4706;4;1;1;10;1;2;0;0;10
hsa-miR-4710;1;0;3;3;4;2;0;7;19
hsa-miR-4711-3p;1;0;1;0;1;2;0;1;12
hsa-miR-4713-3p;9;3;8;7;9;11;9;21;60
hsa-miR-4713-5p;5;1;3;5;4;6;0;3;21
hsa-miR-4714-3p;20;6;9;14;6;7;17;13;41
hsa-miR-4716-5p;8;2;5;5;5;6;2;9;40
hsa-miR-4717-3p;0;1;0;1;0;0;0;3;10
hsa-miR-4717-5p;2;1;2;2;1;1;0;8;21
hsa-miR-4719;1;1;1;1;2;3;2;2;19
hsa-miR-4721;15;8;6;14;14;14;14;19;53
hsa-miR-4723-3p;2;0;1;2;0;2;1;1;12
hsa-miR-4723-5p;2;13;6;8;7;8;11;1;61
hsa-miR-4725-3p;10;1;2;10;1;2;4;1;16
hsa-miR-4725-5p;1;0;3;2;3;2;2;4;12
hsa-miR-4726-3p;0;1;2;0;1;1;3;2;17
hsa-miR-4727-5p;2;1;2;1;0;4;3;2;10
hsa-miR-4728-5p;1;0;0;3;1;0;0;0;11
hsa-miR-4729;176;110;99;112;161;160;177;116;771
hsa-miR-4730;5;2;2;11;1;1;2;6;22
hsa-miR-4731-3p;0;2;1;0;0;4;3;1;16
hsa-miR-4732-3p;3;0;13;34;18;3;16;1;45
hsa-miR-4732-5p;85;21;50;88;40;42;96;51;248
hsa-miR-4734;7;10;6;9;3;0;7;1;4
hsa-miR-4740-5p;2;0;0;9;0;1;7;3;15
hsa-miR-4743-3p;7;1;2;3;5;4;4;2;21
hsa-miR-4745-5p;1;0;2;1;0;1;1;4;11
hsa-miR-4746-5p;4;0;1;2;1;3;5;6;17
hsa-miR-4747-3p;1;0;0;4;2;3;1;0;13
hsa-miR-4753-3p;2;0;1;2;3;1;0;2;15
hsa-miR-4753-5p;2;0;2;3;0;2;2;4;12
hsa-miR-4755-5p;1;0;1;4;4;4;1;2;22
hsa-miR-4757-3p;0;1;3;2;2;1;0;1;14
hsa-miR-4757-5p;4;4;5;2;3;4;7;6;17
hsa-miR-4758-3p;5;2;2;2;4;0;4;4;13
hsa-miR-4762-5p;4;4;3;2;5;2;4;1;25
hsa-miR-4763-5p;2;1;5;1;1;2;2;3;14
hsa-miR-4764-3p;4;2;1;2;3;4;1;4;18
hsa-miR-4766-3p;8;7;1;4;5;5;5;2;20
hsa-miR-4768-5p;1;1;3;2;0;2;2;3;16
hsa-miR-4769-3p;3;1;4;2;6;4;0;3;25
hsa-miR-4772-3p;2;0;4;2;1;3;2;4;16
hsa-miR-4772-5p;0;0;2;3;0;2;1;0;21
hsa-miR-4773;14;2;7;8;1;0;6;1;7
hsa-miR-4775;6;1;5;7;9;9;5;4;21
hsa-miR-4778-3p;17;6;10;16;25;31;15;44;251
hsa-miR-4778-5p;7;5;3;2;4;5;2;6;25
hsa-miR-4779;6;1;1;4;1;1;2;1;11
hsa-miR-4781-3p;1;1;3;2;0;3;1;4;11
hsa-miR-4782-5p;1;2;1;1;2;0;0;1;18
hsa-miR-4784;1,598;312;1,084;2,032;547;541;1,550;1,079;3,405
hsa-miR-4785;4;0;2;4;1;2;3;1;24
hsa-miR-4786-5p;3;6;5;4;2;8;5;2;23
hsa-miR-4787-5p;0;1;1;2;1;2;2;4;13
hsa-miR-4788;1;0;4;7;4;2;1;1;15
hsa-miR-4789-5p;1;1;1;1;2;1;5;1;18
hsa-miR-4791;17;4;8;12;9;6;13;4;60
hsa-miR-4793-5p;6;1;2;1;1;1;4;4;14
hsa-miR-4794;10;6;2;1;1;3;7;2;8
hsa-miR-4795-3p;2;1;1;0;3;3;1;2;18
hsa-miR-4796-3p;10;4;5;14;8;15;1;7;42
hsa-miR-4796-5p;6;1;4;3;3;3;5;0;18
hsa-miR-4798-5p;0;3;2;0;1;2;1;1;16
hsa-miR-4800-3p;2;0;0;0;3;1;1;0;14
hsa-miR-4800-5p;1;1;3;2;2;3;1;0;15
hsa-miR-4802-5p;3;6;7;5;4;6;5;2;23
hsa-miR-4804-3p;2;1;0;4;4;4;5;4;20
hsa-miR-483-3p;100;17;68;110;49;61;90;267;279
hsa-miR-483-5p;31;2;17;39;15;14;27;133;96
hsa-miR-484;802;337;596;1,205;603;857;953;339;4,136
hsa-miR-485-3p;22;7;12;29;30;32;30;62;177
hsa-miR-485-5p;2;1;3;9;7;5;5;7;20
hsa-miR-486-3p;24;10;121;246;96;21;110;16;407
hsa-miR-486-5p;393;106;2,548;6,526;2,402;465;2,863;278;9,858
hsa-miR-487a-3p;3;1;3;6;1;9;1;1;25
hsa-miR-487b-3p;42;33;45;57;60;65;69;44;278
hsa-miR-487b-5p;3;2;2;5;0;2;2;5;31
hsa-miR-488-3p;0;1;3;4;2;2;3;2;14
hsa-miR-488-5p;1;0;1;0;0;0;3;5;15
hsa-miR-489-3p;7;2;7;8;2;5;6;3;26
hsa-miR-489-5p;0;0;0;1;0;1;1;1;14
hsa-miR-490-3p;0;1;3;3;0;0;1;3;13
hsa-miR-491-3p;3;4;5;2;2;5;5;7;22
hsa-miR-491-5p;74;24;47;92;54;65;67;54;268
hsa-miR-493-3p;17;9;12;19;17;11;8;22;44
hsa-miR-493-5p;51;22;25;42;38;46;46;35;248
hsa-miR-494-3p;136;51;76;112;102;109;119;131;483
hsa-miR-495-3p;3;5;4;2;1;7;5;3;34
hsa-miR-495-5p;2;2;3;4;4;2;4;5;16
hsa-miR-496;3;5;2;4;2;4;2;1;17
hsa-miR-497-3p;8;4;6;6;9;3;5;7;17
hsa-miR-497-5p;90;75;63;107;99;93;75;67;425
hsa-miR-499a-5p;12;3;6;3;8;7;4;6;53
hsa-miR-499b-3p;31;10;19;21;61;51;24;55;375
hsa-miR-5001-3p;6;6;16;12;9;14;15;11;63
hsa-miR-5001-5p;1;0;0;0;0;0;0;0;12
hsa-miR-5002-5p;3;0;2;5;5;0;1;1;14
hsa-miR-5003-3p;3;2;2;3;5;4;1;2;26
hsa-miR-5004-3p;4;1;3;2;4;2;5;5;23
hsa-miR-5006-3p;1;2;3;3;1;2;0;5;14
hsa-miR-5006-5p;2;0;0;2;2;1;1;3;12
hsa-miR-5008-3p;2;1;3;1;1;0;1;2;11
hsa-miR-5008-5p;8;5;11;12;7;12;8;8;45
hsa-miR-5009-3p;4;0;1;6;2;4;1;1;16
hsa-miR-5009-5p;3;1;0;6;5;1;2;5;24
hsa-miR-500a-3p;44;11;24;22;27;28;33;42;161
hsa-miR-500a-5p;43;37;33;38;27;37;35;14;135
hsa-miR-500b-3p;0;0;2;1;3;2;1;0;12
hsa-miR-500b-5p;16;14;10;22;16;44;26;8;143
hsa-miR-501-3p;31;8;21;45;10;30;22;23;109
hsa-miR-501-5p;113;31;77;117;46;56;91;70;355
hsa-miR-5010-3p;13;3;9;14;11;13;8;10;66
hsa-miR-5010-5p;2;1;2;1;1;3;2;3;10
hsa-miR-5011-5p;2;1;1;3;0;3;6;1;21
hsa-miR-502-3p;46;19;27;61;33;49;51;24;210
hsa-miR-502-5p;8;3;6;4;3;4;3;3;21
hsa-miR-503-3p;37;12;30;56;30;41;33;52;193
hsa-miR-503-5p;1,111;594;1,030;1,461;731;649;1,172;642;3,300
hsa-miR-505-3p;144;96;102;121;73;49;119;69;281
hsa-miR-505-5p;29;5;16;32;11;18;15;21;51
hsa-miR-506-5p;1;2;1;1;1;3;0;1;13
hsa-miR-508-3p;3;2;3;4;3;3;0;6;24
hsa-miR-5087;3;2;1;0;1;0;2;2;11
hsa-miR-5089-5p;5;1;3;4;16;6;3;5;67
hsa-miR-5090;0;0;0;4;0;0;1;2;13
hsa-miR-5091;2;1;0;2;0;0;1;5;12
hsa-miR-5093;0;0;1;1;2;2;2;0;10
hsa-miR-5094;4;2;7;7;4;2;3;5;15
hsa-miR-5095;6;3;3;3;1;2;5;2;15
hsa-miR-5096;22;5;16;25;32;24;14;30;145
hsa-miR-510-3p;179;74;125;219;196;134;191;143;866
hsa-miR-5100;27;16;22;34;24;17;32;13;91
hsa-miR-513a-3p;3;1;5;4;6;5;5;4;30
hsa-miR-515-5p;2;3;0;1;3;2;2;1;12
hsa-miR-516a-5p;4;1;0;1;2;2;0;5;13
hsa-miR-517b-3p;0;0;1;0;0;1;0;2;14
hsa-miR-5186;4;7;9;5;3;7;2;3;31
hsa-miR-5187-3p;4;3;4;3;6;1;3;5;19
hsa-miR-5187-5p;1;1;3;7;0;2;1;2;13
hsa-miR-5188;7;1;5;3;2;4;4;4;13
hsa-miR-5189-3p;4;2;0;3;1;4;1;3;16
hsa-miR-5190;4;1;1;5;2;5;0;3;14
hsa-miR-5194;12;2;1;7;25;17;3;28;97
hsa-miR-5195-3p;47;5;18;27;46;44;26;55;183
hsa-miR-5196-3p;2;1;3;3;4;0;2;1;15
hsa-miR-5196-5p;27;9;25;29;15;5;23;16;73
hsa-miR-520d-3p;17;8;8;15;3;10;15;11;33
hsa-miR-523-3p;5;0;3;5;4;5;3;4;28
hsa-miR-532-3p;87;28;51;112;79;64;68;96;304
hsa-miR-532-5p;359;106;211;262;308;281;235;388;1,498
hsa-miR-539-3p;24;11;15;16;30;34;14;20;116
hsa-miR-541-5p;8;3;4;9;2;2;6;3;25
hsa-miR-542-3p;787;312;426;480;506;451;450;603;2,131
hsa-miR-542-5p;80;30;41;98;51;68;58;76;314
hsa-miR-543;5;6;6;5;9;19;10;10;51
hsa-miR-544a;4;1;3;4;2;8;5;4;25
hsa-miR-545-3p;48;41;43;51;35;29;43;31;182
hsa-miR-545-5p;33;24;27;25;30;25;24;25;127
hsa-miR-548a;4;4;0;1;2;2;9;6;29
hsa-miR-548a-3p;78;40;48;75;44;40;57;32;163
hsa-miR-548a-5p;11;6;1;4;6;3;3;4;15
hsa-miR-548ad-5p;7;8;11;14;14;18;13;9;62
hsa-miR-548ae-5p;3;0;3;3;5;5;3;2;17
hsa-miR-548an;8;5;5;4;1;3;5;2;10
hsa-miR-548ao-3p;14;5;8;11;12;11;5;17;81
hsa-miR-548ao-5p;2;0;3;0;4;2;5;3;21
hsa-miR-548ap-3p/548t-3p/548aa;52;25;46;64;56;54;42;54;264
hsa-miR-548ap-5p/548j-5p;16;2;8;5;5;13;15;9;72
hsa-miR-548aq-3p;18;8;14;17;11;13;10;11;45
hsa-miR-548aq-5p;3;0;1;4;4;4;2;2;11
hsa-miR-548ar-5p;6;1;2;8;3;3;1;5;20
hsa-miR-548as-3p;17;8;8;11;8;9;12;5;34
hsa-miR-548as-5p;3;5;4;3;5;1;8;1;18
hsa-miR-548au-5p/548c-5p/548o-5p/548am-5p;82;52;55;79;64;64;77;26;330
hsa-miR-548av-5p/548k;11;18;5;14;17;15;17;5;79
hsa-miR-548ay-3p;6;2;3;4;3;5;6;3;24
hsa-miR-548ay-5p;7;3;7;5;6;11;7;7;47
hsa-miR-548az-5p;3;2;1;2;2;1;1;2;11
hsa-miR-548b-3p;3;1;1;0;1;1;1;2;10
hsa-miR-548b-5p;2;2;2;2;5;3;1;0;12
hsa-miR-548bb-5p;2;1;2;1;2;1;1;4;18
hsa-miR-548c-3p;2;2;1;3;3;2;2;0;17
hsa-miR-548d-3p;2;0;3;1;5;6;3;6;14
hsa-miR-548d-5p;43;16;28;34;18;29;30;14;120
hsa-miR-548e-3p;16;21;20;26;26;30;23;10;147
hsa-miR-548e-5p;13;8;1;10;10;17;14;8;47
hsa-miR-548f-3p;1;4;0;2;3;7;2;3;22
hsa-miR-548f-5p;8;1;3;5;14;14;1;13;62
hsa-miR-548g-3p;7;4;3;8;8;15;6;9;44
hsa-miR-548h-3p;75;51;74;89;101;112;67;86;709
hsa-miR-548h-5p;7;6;10;9;7;6;3;1;26
hsa-miR-548l;332;169;204;290;168;163;320;131;842
hsa-miR-548n;10;10;15;19;24;25;10;20;116
hsa-miR-548o-3p;6;2;4;8;6;3;7;4;25
hsa-miR-548q;4;3;3;4;5;2;6;0;20
hsa-miR-548t-5p;15;5;10;20;2;1;23;7;17
hsa-miR-548u;6;3;2;3;5;3;3;5;13
hsa-miR-548v;10;2;3;6;20;28;6;15;124
hsa-miR-548z;11;8;2;7;12;17;10;11;55
hsa-miR-549a;12;6;6;10;2;2;15;0;11
hsa-miR-550a-3p;40;49;30;51;35;41;49;17;183
hsa-miR-550a-5p;3;1;1;8;4;3;4;4;17
hsa-miR-551a;12;2;1;8;7;10;5;6;24
hsa-miR-551b-3p;2;1;2;1;5;3;1;1;14
hsa-miR-552-3p;3;3;0;3;3;7;2;8;28
hsa-miR-552-5p;13;6;9;3;6;6;11;3;29
hsa-miR-553;0;0;0;3;1;1;0;0;10
hsa-miR-555;4;3;3;2;6;3;5;10;35
hsa-miR-556-3p;12;8;1;5;3;5;8;3;42
hsa-miR-556-5p;1;5;2;1;2;2;0;3;15
hsa-miR-5579-5p;2;0;2;3;3;3;0;0;17
hsa-miR-558;14;5;3;4;33;36;8;54;167
hsa-miR-5580-3p;1;1;3;0;2;0;3;1;10
hsa-miR-5582-3p;4;1;1;0;2;5;0;3;22
hsa-miR-5583-3p;2;2;2;1;1;1;0;0;15
hsa-miR-5584-3p;4;2;1;1;5;3;4;4;17
hsa-miR-5585-3p;3;0;2;1;1;1;3;2;10
hsa-miR-5587-3p;12;7;11;15;0;0;9;1;12
hsa-miR-5588-5p;1;0;0;1;1;4;1;1;10
hsa-miR-5591-3p;2;3;2;3;6;8;2;1;13
hsa-miR-561-3p;7;8;9;1;7;9;6;9;48
hsa-miR-561-5p;27;17;21;22;53;32;19;21;117
hsa-miR-5681b;1;0;2;0;2;2;2;3;11
hsa-miR-5682;2;1;4;4;2;6;4;1;13
hsa-miR-5687;0;0;2;2;1;3;2;6;15
hsa-miR-5690;11;2;1;6;3;4;2;3;25
hsa-miR-5692a;1;2;6;5;3;3;2;7;25
hsa-miR-5692b;7;10;5;3;8;10;7;12;70
hsa-miR-5694;5;17;28;162;38;34;98;30;390
hsa-miR-5695;1;0;0;2;0;0;0;1;12
hsa-miR-5698;1;1;0;0;0;0;2;1;19
hsa-miR-5699-3p;33;19;19;16;35;41;16;27;152
hsa-miR-5699-5p;9;2;8;11;7;10;8;8;53
hsa-miR-570-3p;43;15;11;30;33;27;32;20;98
hsa-miR-570-5p;5;2;1;1;1;3;2;6;14
hsa-miR-5704;3;0;0;2;0;4;1;1;23
hsa-miR-5706;8;0;1;4;2;1;4;3;18
hsa-miR-5707;0;1;1;1;2;3;2;3;15
hsa-miR-5708;2;0;1;1;3;3;1;3;14
hsa-miR-573;9;4;9;8;11;12;9;20;81
hsa-miR-574-3p;314;67;144;244;162;148;219;254;726
hsa-miR-574-5p;577;139;387;625;230;228;521;326;1,425
hsa-miR-576-3p;25;18;25;25;7;12;15;15;78
hsa-miR-576-5p;109;65;113;173;109;159;148;79;679
hsa-miR-577;6;3;1;3;4;1;3;2;26
hsa-miR-578;2;0;0;5;2;2;1;0;14
hsa-miR-579-3p;12;9;4;6;15;20;10;6;53
hsa-miR-579-5p;18;8;6;11;18;25;12;16;111
hsa-miR-580-3p;2;1;0;5;4;3;2;2;26
hsa-miR-582-3p;536;259;312;361;512;491;364;474;2,288
hsa-miR-582-5p;401;209;297;357;213;165;283;144;822
hsa-miR-584-3p;27;15;27;19;61;64;23;42;351
hsa-miR-584-5p;29;9;17;21;23;29;20;36;99
hsa-miR-585-3p;61;32;70;106;112;102;69;114;529
hsa-miR-585-5p;8;2;4;5;11;9;2;9;36
hsa-miR-586;83;22;48;46;87;74;46;106;470
hsa-miR-589-3p;32;21;24;29;32;26;21;35;154
hsa-miR-589-5p;141;40;81;122;138;113;136;126;661
hsa-miR-590-3p;1,196;588;737;895;754;907;779;714;3,557
hsa-miR-590-5p;93;40;28;53;55;48;52;39;228
hsa-miR-593-5p;2;2;3;2;1;2;1;4;13
hsa-miR-597-3p;5;3;5;2;7;4;3;2;28
hsa-miR-597-5p;9;6;6;8;5;6;2;7;35
hsa-miR-598-5p;4;1;1;2;0;1;1;2;15
hsa-miR-599;107;44;79;111;187;156;91;156;908
hsa-miR-601;1;2;0;18;2;4;8;7;46
hsa-miR-603;4;2;1;4;1;2;2;2;13
hsa-miR-606;0;1;1;0;1;1;2;1;16
hsa-miR-6069;10;6;9;10;12;14;6;6;43
hsa-miR-6071;164;38;88;116;60;47;121;80;316
hsa-miR-6072;1;2;2;2;1;2;0;4;20
hsa-miR-6073;0;0;1;1;2;2;1;1;11
hsa-miR-6076;0;0;1;3;1;1;1;3;16
hsa-miR-608;9;1;2;2;2;2;2;4;22
hsa-miR-6081;151;46;119;185;67;58;143;88;415
hsa-miR-6082;1;0;1;1;1;1;1;2;13
hsa-miR-6083;31;17;27;26;33;20;19;30;147
hsa-miR-610;4;1;2;0;2;3;2;4;22
hsa-miR-6124;2;0;0;1;0;0;3;4;21
hsa-miR-6126;942;275;904;1,430;368;344;1,147;466;2,200
hsa-miR-6127;1;0;1;1;0;0;4;2;13
hsa-miR-6128;4;1;3;4;7;4;0;16;42
hsa-miR-6130;3;1;3;1;3;1;4;6;13
hsa-miR-6131;0;0;0;0;0;1;1;0;14
hsa-miR-6133;3;1;5;6;1;4;8;4;30
hsa-miR-6134;4;1;5;4;2;1;2;7;14
hsa-miR-614;0;0;0;0;0;0;1;5;12
hsa-miR-615-3p;32;7;13;23;50;58;15;89;285
hsa-miR-615-5p;1;2;3;7;3;5;4;7;21
hsa-miR-616-5p;4;1;1;3;4;4;2;2;36
hsa-miR-618;6;6;9;6;4;15;9;3;45
hsa-miR-619-5p;3;1;8;12;4;3;5;7;25
hsa-miR-624-3p;1;8;3;8;8;2;6;5;36
hsa-miR-624-5p;16;13;13;19;11;7;13;8;70
hsa-miR-625-3p;250;71;175;865;175;216;656;279;2,593
hsa-miR-625-5p;247;32;101;140;89;75;130;144;501
hsa-miR-627-3p;8;1;3;3;9;6;4;3;30
hsa-miR-627-5p;16;3;18;19;22;22;24;10;75
hsa-miR-628-3p;74;30;38;80;52;64;44;61;288
hsa-miR-628-5p;121;47;65;89;61;97;85;54;401
hsa-miR-629-3p;25;6;16;15;14;25;14;15;67
hsa-miR-629-5p;459;147;254;372;332;373;283;391;1,696
hsa-miR-636;11;1;12;9;6;7;9;10;35
hsa-miR-640;1;0;1;0;0;0;0;2;10
hsa-miR-641;57;21;37;43;41;48;42;33;228
hsa-miR-642a-3p;0;0;1;3;3;8;1;3;16
hsa-miR-642a-5p;10;4;5;14;15;11;7;15;63
hsa-miR-643;13;12;7;9;12;16;19;8;83
hsa-miR-6499-3p;8;3;2;3;7;11;2;6;29
hsa-miR-650;1;1;0;0;1;1;0;2;15
hsa-miR-6500-3p;1;1;6;3;1;2;0;4;11
hsa-miR-6500-5p;5;1;2;5;0;1;2;5;18
hsa-miR-6501-5p;42;14;54;87;9;9;68;4;27
hsa-miR-6502-3p;3;0;2;4;1;0;2;1;18
hsa-miR-6504-3p;15;4;4;6;15;22;6;25;85
hsa-miR-6505-3p;2;0;0;3;2;0;4;2;17
hsa-miR-6505-5p;1;0;0;1;2;0;1;1;11
hsa-miR-6507-3p;4;5;10;7;11;11;8;10;58
hsa-miR-6509-3p;4;1;6;1;1;4;0;4;12
hsa-miR-651-3p;0;1;0;1;1;2;2;1;10
hsa-miR-651-5p;14;7;6;14;15;14;12;12;41
hsa-miR-6510-5p;2;0;0;0;1;1;0;1;11
hsa-miR-6511a-3p;5;2;3;7;2;2;2;2;20
hsa-miR-6511b-3p;3;1;1;5;1;2;6;5;13
hsa-miR-6513-3p;0;1;6;5;2;3;10;2;16
hsa-miR-6514-3p;0;0;3;3;1;2;1;2;14
hsa-miR-6514-5p;3;0;3;4;0;2;2;4;17
hsa-miR-6515-3p;6;2;1;7;1;2;2;3;14
hsa-miR-6516-5p;5;2;1;8;1;2;4;6;10
hsa-miR-652-3p;51;44;60;102;46;61;83;25;231
hsa-miR-652-5p;11;13;10;10;12;16;13;8;73
hsa-miR-653-3p;10;4;5;8;20;5;16;11;70
hsa-miR-653-5p;7;3;4;1;6;6;2;5;25
hsa-miR-654-3p;39;13;32;33;129;156;35;165;672
hsa-miR-655-3p;49;16;30;40;26;25;30;17;99
hsa-miR-656-3p;11;4;3;5;6;6;4;8;19
hsa-miR-658;7;4;10;8;8;7;9;5;37
hsa-miR-659-5p;0;0;1;3;1;5;3;4;14
hsa-miR-660-3p;6;4;4;4;5;6;2;4;14
hsa-miR-660-5p;345;128;181;216;291;286;224;272;1,505
hsa-miR-663b;2;0;1;1;3;2;0;3;18
hsa-miR-664a-3p;20;19;8;22;12;22;21;11;78
hsa-miR-664a-5p;30;11;15;36;27;25;21;22;102
hsa-miR-664b-3p;1;1;5;1;6;5;2;3;13
hsa-miR-664b-5p;9;0;7;4;6;2;11;5;8
hsa-miR-665;5;3;2;4;12;3;6;14;32
hsa-miR-670-5p;24;14;8;8;14;21;15;4;68
hsa-miR-671-3p;38;12;25;41;36;26;35;40;133
hsa-miR-671-5p;514;188;265;592;344;528;451;310;2,187
hsa-miR-6715b-3p;7;3;2;6;7;4;4;11;39
hsa-miR-6716-3p;1;1;1;5;11;7;9;8;62
hsa-miR-6717-5p;3;2;7;3;9;4;5;10;31
hsa-miR-6718-5p;21;3;10;19;0;1;10;2;14
hsa-miR-6720-3p;3;0;1;7;3;2;3;3;18
hsa-miR-6720-5p;5;3;4;6;3;10;5;5;35
hsa-miR-6721-5p;1;0;3;2;0;0;4;0;14
hsa-miR-6722-5p;1;0;3;1;1;0;2;0;12
hsa-miR-6723-5p;7;8;5;14;9;5;7;2;35
hsa-miR-6724-5p;6;1;7;10;5;6;9;14;31
hsa-miR-6727-5p;0;1;1;0;4;10;3;3;25
hsa-miR-6728-3p;2;1;2;2;4;2;0;3;15
hsa-miR-6728-5p;1;1;2;4;0;2;4;2;31
hsa-miR-6730-5p;5;3;1;4;2;1;3;2;11
hsa-miR-6731-5p;6;1;0;3;5;0;3;1;12
hsa-miR-6732-3p;5;3;4;2;8;6;1;7;18
hsa-miR-6733-5p;1;2;0;1;6;4;3;1;11
hsa-miR-6734-5p;4;0;4;6;7;8;6;8;26
hsa-miR-6736-3p;3;1;2;5;2;3;2;1;18
hsa-miR-6739-3p;4;2;0;1;1;1;2;0;14
hsa-miR-6739-5p;5;2;3;3;5;4;5;6;17
hsa-miR-6740-3p;2;0;2;2;2;6;0;4;16
hsa-miR-6740-5p;3;0;2;5;2;1;1;13;28
hsa-miR-6742-3p;0;1;2;2;0;1;1;0;12
hsa-miR-6743-5p;15;2;10;14;2;2;10;7;29
hsa-miR-6744-5p;0;1;2;2;1;1;3;0;18
hsa-miR-6747-3p;5;3;6;6;5;7;10;6;39
hsa-miR-6747-5p;13;0;8;8;35;44;11;55;171
hsa-miR-6749-3p;2;1;2;4;5;5;2;3;13
hsa-miR-6749-5p;0;0;2;1;0;1;1;0;15
hsa-miR-675-5p;0;0;0;0;3;2;0;0;13
hsa-miR-6751-5p;0;2;4;3;1;1;2;6;11
hsa-miR-6754-3p;13;5;11;22;8;6;15;13;68
hsa-miR-6754-5p;2;0;0;4;2;1;6;6;23
hsa-miR-6755-3p;3;1;1;3;1;0;0;3;17
hsa-miR-6755-5p;26;18;32;31;43;63;22;43;243
hsa-miR-6756-3p;2;1;2;1;1;3;5;0;11
hsa-miR-6757-5p;2;1;0;3;1;4;1;1;12
hsa-miR-6758-3p;6;0;2;4;0;4;3;1;15
hsa-miR-6758-5p;1;3;2;2;7;4;5;4;23
hsa-miR-6759-3p;1;0;1;3;3;3;4;5;22
hsa-miR-676-3p;5;0;3;1;5;6;4;3;18
hsa-miR-6760-3p;10;3;4;5;15;9;4;13;67
hsa-miR-6761-5p;2;1;3;2;2;4;1;6;14
hsa-miR-6763-3p;10;4;7;11;5;3;10;3;10
hsa-miR-6765-3p;1;1;0;4;2;0;0;1;15
hsa-miR-6766-3p;1;2;3;1;3;3;2;1;11
hsa-miR-6766-5p;1;1;1;1;0;0;2;3;20
hsa-miR-6768-5p;2;2;3;3;4;1;4;1;15
hsa-miR-6769a-3p;12;0;3;5;0;2;5;2;4
hsa-miR-6769b-3p;10;0;2;14;5;7;8;4;40
hsa-miR-6769b-5p;5;0;1;3;1;4;8;2;10
hsa-miR-6770-3p;1;1;0;0;0;1;2;6;14
hsa-miR-6771-3p;10;13;17;15;3;7;13;14;23
hsa-miR-6771-5p;4;2;1;3;2;1;5;5;22
hsa-miR-6772-3p;4;1;5;3;1;0;2;4;14
hsa-miR-6775-5p;7;14;16;18;9;12;28;6;52
hsa-miR-6777-3p;4;1;0;2;5;5;5;1;15
hsa-miR-6779-5p;5;0;4;4;1;2;1;4;19
hsa-miR-6780a-3p;1;1;3;1;1;2;2;2;11
hsa-miR-6781-3p;2;4;2;3;5;2;4;2;13
hsa-miR-6781-5p;1;1;2;1;3;2;0;3;24
hsa-miR-6782-3p;8;1;3;6;9;6;8;9;30
hsa-miR-6783-3p;2;1;1;2;3;5;1;3;26
hsa-miR-6783-5p;3;1;3;2;4;1;3;0;15
hsa-miR-6785-5p;31;9;18;46;56;72;39;71;359
hsa-miR-6786-3p;1;1;1;6;2;3;0;0;12
hsa-miR-6789-5p;6;1;3;3;3;4;3;12;10
hsa-miR-6791-3p;4;0;3;5;3;2;2;2;17
hsa-miR-6791-5p;0;0;1;2;3;1;0;0;11
hsa-miR-6792-3p;12;2;3;16;21;25;9;17;87
hsa-miR-6793-5p;1;2;2;4;4;2;1;4;14
hsa-miR-6795-3p;1;2;0;2;2;0;0;5;15
hsa-miR-6796-3p;2;1;2;2;1;1;1;0;11
hsa-miR-6796-5p;0;2;0;2;1;2;1;1;12
hsa-miR-6797-3p;2;0;3;3;3;5;4;7;16
hsa-miR-6797-5p;6;4;6;7;27;19;8;12;149
hsa-miR-6801-3p;1;3;0;0;0;0;0;0;11
hsa-miR-6802-3p;13;2;4;7;12;11;7;19;34
hsa-miR-6803-3p;5;1;5;11;4;2;5;7;18
hsa-miR-6805-5p;12;6;8;11;2;2;8;4;11
hsa-miR-6808-3p;2;3;2;4;3;4;4;3;19
hsa-miR-6809-3p;3;1;2;2;4;4;2;2;27
hsa-miR-6811-3p;3;1;2;2;2;4;1;1;21
hsa-miR-6811-5p;6;3;0;3;4;2;3;13;12
hsa-miR-6812-3p;2;1;2;2;1;1;4;1;13
hsa-miR-6812-5p;5;0;1;5;4;3;1;3;22
hsa-miR-6813-3p;5;1;2;13;7;10;6;21;58
hsa-miR-6815-5p;0;0;1;0;4;0;2;7;16
hsa-miR-6817-3p;30;33;33;35;22;34;33;12;80
hsa-miR-6818-3p;3;1;1;0;2;2;2;2;14
hsa-miR-6823-5p;13;7;13;23;11;1;22;8;21
hsa-miR-6825-5p;2;0;2;1;1;1;2;4;14
hsa-miR-6827-3p;8;2;1;2;3;6;2;7;15
hsa-miR-6828-5p;3;0;2;2;3;1;3;0;13
hsa-miR-6829-3p;8;1;4;4;8;5;3;8;30
hsa-miR-6830-3p;2;1;4;1;6;1;1;6;20
hsa-miR-6831-5p;2;1;2;6;4;2;5;7;19
hsa-miR-6832-3p;11;10;1;10;12;14;13;9;38
hsa-miR-6832-5p;1;1;3;1;2;2;3;4;14
hsa-miR-6833-3p;2;2;3;6;1;2;0;3;18
hsa-miR-6833-5p;14;1;4;10;10;7;5;23;55
hsa-miR-6835-3p;8;1;1;6;4;10;5;23;31
hsa-miR-6835-5p;50;4;24;28;35;21;26;74;178
hsa-miR-6836-3p;4;0;0;0;0;0;1;0;10
hsa-miR-6837-3p;0;0;0;1;4;2;0;1;11
hsa-miR-6840-3p;8;3;8;11;11;8;5;3;22
hsa-miR-6841-5p;2;2;1;4;0;1;1;3;13
hsa-miR-6844;16;11;9;14;27;32;8;35;183
hsa-miR-6846-3p;2;4;1;2;0;1;3;4;13
hsa-miR-6849-5p;4;1;3;1;6;8;0;4;18
hsa-miR-6850-3p;1;0;1;3;0;1;4;4;15
hsa-miR-6851-3p;3;0;0;1;3;3;2;6;23
hsa-miR-6852-3p;3;0;3;3;3;3;2;2;11
hsa-miR-6852-5p;2;3;3;2;2;2;3;2;10
hsa-miR-6855-3p;1;1;2;1;0;1;2;0;13
hsa-miR-6855-5p;2;1;1;1;9;7;2;4;23
hsa-miR-6857-3p;1;3;1;4;2;5;4;1;11
hsa-miR-6857-5p;4;1;1;4;0;1;1;1;18
hsa-miR-6859-5p;2;1;1;4;2;1;2;1;21
hsa-miR-6861-3p;2;0;3;2;6;1;2;5;24
hsa-miR-6862-5p;2;3;1;2;2;1;3;3;21
hsa-miR-6863;17;8;9;7;3;4;7;3;28
hsa-miR-6864-5p;1;0;3;2;4;4;1;2;12
hsa-miR-6865-3p;81;15;17;41;49;32;37;60;200
hsa-miR-6865-5p;178;108;184;351;134;154;298;104;851
hsa-miR-6866-5p;6;0;4;5;7;8;5;17;58
hsa-miR-6867-3p;8;0;4;4;6;8;3;15;40
hsa-miR-6867-5p;4;2;0;0;2;1;3;3;11
hsa-miR-6868-3p;9;4;1;7;5;4;1;3;15
hsa-miR-6870-3p;1;0;1;0;2;2;4;2;15
hsa-miR-6872-3p;163;34;100;213;106;76;134;121;481
hsa-miR-6873-3p;9;2;5;2;4;3;5;5;15
hsa-miR-6874-5p;4;2;4;0;10;7;3;6;28
hsa-miR-6877-3p;1;3;5;2;2;2;5;8;16
hsa-miR-6880-3p;4;0;3;3;3;5;3;11;39
hsa-miR-6881-3p;0;0;4;3;2;3;5;7;23
hsa-miR-6882-5p;4;1;0;2;2;2;0;3;15
hsa-miR-6883-3p;0;1;1;1;2;1;2;1;11
hsa-miR-6883-5p;2;3;2;3;3;3;0;1;11
hsa-miR-6885-5p;12;14;8;6;24;32;4;13;118
hsa-miR-6886-3p;3;0;2;1;3;2;1;1;18
hsa-miR-6892-3p;2;0;0;3;1;1;1;0;12
hsa-miR-6892-5p;2;4;2;2;10;9;2;5;33
hsa-miR-6894-5p;2;1;0;1;1;1;1;1;17
hsa-miR-7-1-3p;132;49;62;92;62;90;68;77;347
hsa-miR-7-5p;8,960;3,125;4,830;6,451;3,147;3,202;5,570;4,179;14,239
hsa-miR-708-3p;3;1;0;2;0;0;1;2;15
hsa-miR-708-5p;20;8;12;13;14;13;15;22;64
hsa-miR-7107-3p;2;1;2;0;1;4;3;2;19
hsa-miR-7108-5p;7;0;3;2;0;1;5;2;14
hsa-miR-7152-5p;5;0;2;2;6;5;2;1;30
hsa-miR-7156-3p;3;0;0;1;1;5;0;1;13
hsa-miR-7160-3p;2;3;2;7;1;4;0;1;14
hsa-miR-7162-3p;2;3;2;4;6;6;5;7;26
hsa-miR-718;5;0;5;7;2;2;8;4;12
hsa-miR-744-3p;6;4;4;5;5;8;4;4;26
hsa-miR-744-5p;488;81;330;548;353;352;402;640;2,046
hsa-miR-7515;1;0;0;0;1;1;0;2;10
hsa-miR-758-3p;1;4;4;5;7;8;2;0;39
hsa-miR-758-5p;85;60;70;77;114;119;74;86;547
hsa-miR-760;33;17;29;37;14;7;36;37;61
hsa-miR-761;3;2;0;4;1;4;1;6;23
hsa-miR-764;1;0;0;1;1;2;0;1;11
hsa-miR-7641;2;4;0;1;1;1;2;8;28
hsa-miR-765;7;1;4;5;3;5;6;12;26
hsa-miR-766-3p;43;26;15;18;15;32;21;13;129
hsa-miR-766-5p;5;4;3;6;4;1;1;2;13
hsa-miR-767-3p;39;40;27;59;23;42;44;21;147
hsa-miR-767-5p;227;62;133;164;160;167;157;224;858
hsa-miR-769-3p;55;20;42;87;42;39;63;75;234
hsa-miR-769-5p;290;139;209;266;336;372;283;321;1,724
hsa-miR-7705;75;45;52;57;92;79;50;101;474
hsa-miR-7706;63;18;40;51;101;96;58;66;493
hsa-miR-7844-5p;2;0;1;0;1;3;0;1;19
hsa-miR-7846-3p;4;0;7;5;26;33;3;22;158
hsa-miR-7847-3p;1;1;0;2;2;2;1;2;10
hsa-miR-7849-3p;32;6;19;34;64;74;28;64;331
hsa-miR-7850-5p;3;1;4;8;3;3;8;4;14
hsa-miR-7851-3p;3;0;3;2;2;2;1;4;11
hsa-miR-7853-5p;0;0;1;2;0;2;1;1;25
hsa-miR-7855-5p;0;2;1;0;0;1;0;0;15
hsa-miR-7856-5p;2;0;1;1;0;1;1;3;18
hsa-miR-7974;17;11;13;26;27;41;16;14;149
hsa-miR-7975;0;1;0;0;3;1;3;1;16
hsa-miR-7976;45;37;33;62;34;47;54;19;144
hsa-miR-7977;465;129;320;475;368;344;406;340;2,030
hsa-miR-802;183;88;116;123;114;114;126;189;521
hsa-miR-8052;4;1;2;34;6;5;13;4;67
hsa-miR-8054;6;2;4;5;2;1;6;13;8
hsa-miR-8059;4;1;5;5;7;4;4;5;17
hsa-miR-8066;3;0;1;3;0;1;3;3;11
hsa-miR-8067;0;4;0;0;1;1;1;2;11
hsa-miR-8068;2;2;1;3;0;0;1;1;15
hsa-miR-8071;0;3;2;10;0;4;2;0;9
hsa-miR-8077;17;8;12;31;5;4;20;9;17
hsa-miR-8079;0;1;0;3;1;0;6;1;14
hsa-miR-8087;4;3;4;4;3;9;9;7;29
hsa-miR-8485;26;8;8;23;9;7;18;16;46
hsa-miR-873-3p;4;0;4;2;5;8;3;7;27
hsa-miR-873-5p;128;24;49;55;28;19;48;43;149
hsa-miR-874-3p;9;1;5;7;5;6;7;12;41
hsa-miR-874-5p;5;1;2;4;2;7;2;4;13
hsa-miR-876-3p;2;1;0;3;1;2;1;4;15
hsa-miR-876-5p;14;11;8;7;13;7;15;7;52
hsa-miR-877-3p;14;2;14;19;5;13;20;11;35
hsa-miR-877-5p;11;1;8;16;6;13;9;6;23
hsa-miR-885-5p;3;2;1;1;1;4;2;4;16
hsa-miR-887-3p;35;13;26;43;14;12;47;18;60
hsa-miR-888-5p;3;1;2;0;2;2;0;4;18
hsa-miR-889-3p;20;12;15;24;22;20;28;33;107
hsa-miR-891a-5p;1;1;5;5;3;3;4;1;18
hsa-miR-892c-3p;13;6;7;4;7;12;10;7;61
hsa-miR-9-3p;63;35;59;70;64;69;63;55;335
hsa-miR-9-5p;409;236;397;541;441;399;440;304;2,101
hsa-miR-921;1;1;4;2;0;1;3;0;14
hsa-miR-922;70;23;40;39;51;47;41;44;317
hsa-miR-92a-1-5p;8;5;9;13;12;13;11;14;55
hsa-miR-92a-3p;9,542;5,461;7,893;14,743;8,859;13,917;11,003;5,867;58,771
hsa-miR-92b-3p;1,492;721;1,080;1,425;492;670;1,132;264;3,096
hsa-miR-92b-5p;105;11;81;196;40;19;124;48;137
hsa-miR-93-3p;109;27;80;114;175;199;98;146;962
hsa-miR-93-5p;14,220;4,456;7,994;11,279;13,182;12,683;9,625;18,610;62,869
hsa-miR-933;1;0;3;9;2;2;3;5;18
hsa-miR-934;0;0;0;1;2;0;0;3;11
hsa-miR-935;616;176;352;581;179;204;400;206;892
hsa-miR-936;6;2;4;7;3;0;7;2;26
hsa-miR-937-3p;16;3;8;15;8;16;16;12;61
hsa-miR-937-5p;3;0;4;3;3;1;4;2;15
hsa-miR-939-3p;8;2;4;2;4;1;3;3;12
hsa-miR-939-5p;3;0;1;3;1;2;3;5;16
hsa-miR-940;0;0;2;3;3;2;3;3;19
hsa-miR-941;245;24;126;158;110;95;119;201;507
hsa-miR-942-3p;4;2;4;7;8;0;5;1;21
hsa-miR-942-5p;76;45;80;129;98;103;104;77;489
hsa-miR-944;14;7;6;10;10;12;6;4;68
hsa-miR-95-3p;141;60;123;146;78;89;135;92;434
hsa-miR-95-5p;12;8;8;15;10;15;9;11;39
hsa-miR-96-3p;3;2;3;3;3;3;1;10;19
hsa-miR-96-5p;2,625;1,479;1,708;2,373;2,751;3,331;2,027;1,893;13,684
hsa-miR-98-3p;26;7;5;19;17;18;10;33;82
hsa-miR-98-5p;1,649;521;775;969;930;1,042;792;1,049;4,573
hsa-miR-99a-3p;33;17;19;22;33;32;18;36;191
hsa-miR-99a-5p;736;454;307;632;613;1,086;572;333;3,496
hsa-miR-99b-3p;412;152;276;316;390;410;300;484;2,046
hsa-miR-99b-5p;9,485;2,148;5,091;7,813;7,616;7,315;6,819;9,851;38,859
hsa_piR_000552/gb/DQ570687/Homo;14;10;12;15;5;8;9;17;52
hsa_piR_000560/gb/DQ570698/Homo;11;2;3;10;6;12;3;2;20
hsa_piR_000753/gb/DQ570940/Homo;7;0;4;2;4;3;7;4;13
hsa_piR_000765/gb/DQ570956/Homo;3,380;1,185;1,799;2,578;7,619;5,848;1,790;21,293;29,813
hsa_piR_000794/gb/DQ570992/Homo;108;26;48;63;34;30;42;42;183
hsa_piR_000796/gb/DQ570994/Homo;6;4;5;7;1;12;9;3;43
hsa_piR_000805/gb/DQ571003/Homo;31;20;45;39;37;38;52;38;246
hsa_piR_000823/gb/DQ571031/Homo;15;5;4;9;4;9;7;4;27
hsa_piR_001042/gb/DQ571335/Homo;30;11;18;26;18;18;15;13;74
hsa_piR_001101/gb/DQ571419/Homo;75;11;37;74;42;49;50;62;203
hsa_piR_001107/gb/DQ571425/Homo;1;1;3;1;3;1;5;2;23
hsa_piR_001152/gb/DQ571500/Homo;173;57;96;146;96;112;105;133;458
hsa_piR_001159/gb/DQ571511/Homo;34;28;25;34;33;39;49;17;161
hsa_piR_001168/gb/DQ571524/Homo;4;2;3;10;9;12;4;5;26
hsa_piR_001169/gb/DQ571525/Homo;34;21;22;28;39;48;21;33;203
hsa_piR_001170/gb/DQ571526/Homo;303;150;158;326;206;269;219;225;950
hsa_piR_001184/gb/DQ571550/Homo;8;4;2;5;1;4;4;2;15
hsa_piR_001311/gb/DQ571812/Homo;48;18;27;35;18;12;35;7;63
hsa_piR_001312/gb/DQ571813/Homo;194;119;151;188;101;106;148;78;533
hsa_piR_002158/gb/DQ572892/Homo;20;3;8;14;8;9;9;21;34
hsa_piR_002441/gb/DQ573293/Homo;4;2;7;11;4;5;15;5;20
hsa_piR_002852/gb/DQ573835/Homo;4;0;3;1;4;5;6;2;10
hsa_piR_004153/gb/DQ575660/Homo;159;29;40;75;67;79;66;251;364
hsa_piR_004271/gb/DQ575827/Homo;5;1;1;7;3;6;6;9;23
hsa_piR_004307/gb/DQ575881/Homo;189;124;167;248;126;158;205;80;655
hsa_piR_004308/gb/DQ575882/Homo;101;124;128;148;81;112;115;39;417
hsa_piR_004309/gb/DQ575884/Homo;9;14;12;15;5;9;14;2;28
hsa_piR_004506/gb/DQ576200/Homo;7;5;3;2;5;5;7;1;21
hsa_piR_004721/gb/DQ576479/Homo;47;23;57;33;28;25;52;29;184
hsa_piR_004801/gb/DQ576605/Homo;5;9;10;8;3;5;8;7;37
hsa_piR_004918/gb/DQ576766/Homo;1;1;1;6;1;2;3;2;10
hsa_piR_004962/gb/DQ576828/Homo;4;2;1;5;5;4;3;8;14
hsa_piR_004987/gb/DQ576872/Homo;143;72;105;158;88;100;100;75;417
hsa_piR_005271/gb/DQ577259/Homo;12;2;3;13;5;6;5;2;22
hsa_piR_005799/gb/DQ577967/Homo;2;0;1;3;2;4;5;11;13
hsa_piR_006426/gb/DQ578783/Homo;4;2;0;1;1;2;2;2;13
hsa_piR_006465/gb/DQ578832/Homo;7;0;3;6;4;3;4;6;15
hsa_piR_007294/gb/DQ579940/Homo;1;1;1;1;5;1;2;3;17
hsa_piR_007832/gb/DQ580660/Homo;1;1;3;3;4;6;2;1;15
hsa_piR_008112/gb/DQ581031/Homo;4,965;908;1,690;2,288;2,562;2,618;1,809;4,322;12,427
hsa_piR_008113/gb/DQ581032/Homo;7,317;1,305;2,859;3,934;4,634;4,657;3,232;6,329;23,664
hsa_piR_008114/gb/DQ581033/Homo;376;49;147;183;264;218;154;355;1,299
hsa_piR_009051/gb/DQ582264/Homo;74;60;48;84;55;77;79;58;317
hsa_piR_009154/gb/DQ582400/Homo;5;0;4;3;3;5;10;8;24
hsa_piR_009294/gb/DQ582566/Homo;20;6;13;9;10;12;7;12;71
hsa_piR_009295/gb/DQ582567/Homo;5;5;7;4;10;0;3;13;29
hsa_piR_009502/gb/DQ582827/Homo;9;2;6;4;2;0;3;0;11
hsa_piR_009901/gb/DQ583332/Homo;3;1;3;2;2;2;3;5;11
hsa_piR_009981/gb/DQ583434/Homo;2;1;4;3;1;2;4;2;15
hsa_piR_010024/gb/DQ583491/Homo;4;2;2;3;3;7;8;9;36
hsa_piR_010431/gb/DQ584049/Homo;4;1;1;1;4;5;2;8;19
hsa_piR_010894/gb/DQ584698/Homo;119;87;69;108;36;63;118;77;236
hsa_piR_011094/gb/DQ584967/Homo;0;1;0;3;1;1;1;1;12
hsa_piR_011187/gb/DQ585094/Homo;1;0;1;2;0;4;3;6;13
hsa_piR_011188/gb/DQ585095/Homo;6;3;5;13;3;5;7;10;32
hsa_piR_011734/gb/DQ585879/Homo;10;4;8;14;11;12;11;7;70
hsa_piR_012681/gb/DQ587153/Homo;244;48;154;274;150;166;171;273;850
hsa_piR_012734/gb/DQ587229/Homo;8;6;9;4;2;4;5;3;18
hsa_piR_012753/gb/DQ587269/Homo;18;7;12;14;10;21;15;23;80
hsa_piR_013194/gb/DQ587886/Homo;0;1;1;4;5;6;2;3;14
hsa_piR_013306/gb/DQ588040/Homo;3;2;1;7;5;5;5;6;26
hsa_piR_013665/gb/DQ588661/Homo;2;0;1;1;0;2;0;0;10
hsa_piR_013745/gb/DQ588779/Homo;0;0;3;6;2;2;4;5;19
hsa_piR_013855/gb/DQ588925/Homo;0;1;4;8;2;3;5;3;15
hsa_piR_014620/gb/DQ590013/Homo;201;121;179;250;54;53;252;110;196
hsa_piR_014626/gb/DQ590020/Homo;5;2;1;5;5;0;0;4;10
hsa_piR_014636/gb/DQ590030/Homo;2;1;1;3;0;4;5;4;14
hsa_piR_014923/gb/DQ590404/Homo;12;1;1;6;2;1;2;0;7
hsa_piR_015026/gb/DQ590548/Homo;1,117;666;944;1,097;971;883;899;839;4,681
hsa_piR_015149/gb/DQ590703/Homo;1;1;0;3;1;4;2;1;15
hsa_piR_015150/gb/DQ590704/Homo;2;2;2;7;7;3;3;17;33
hsa_piR_015249/gb/DQ590830/Homo;6;4;6;10;8;7;4;10;38
hsa_piR_016218/gb/DQ592121/Homo;3;1;4;1;2;7;1;1;19
hsa_piR_016374/gb/DQ592313/Homo;4;0;6;7;1;2;3;9;18
hsa_piR_016658/gb/DQ592931/Homo;796;199;562;1,092;255;191;725;268;1,167
hsa_piR_016659/gb/DQ592932/Homo;1,283;305;953;1,645;304;203;1,157;328;1,285
hsa_piR_016677/gb/DQ592953/Homo;152;113;131;197;64;69;137;46;344
hsa_piR_016735/gb/DQ593039/Homo;30;81;27;62;35;102;124;35;481
hsa_piR_016742/gb/DQ593049/Homo;343;148;217;307;119;137;242;109;704
hsa_piR_016745/gb/DQ593052/Homo;14;21;17;27;12;31;24;3;99
hsa_piR_016792/gb/DQ593109/Homo;7;2;3;13;4;5;20;14;46
hsa_piR_016926/gb/DQ593325/Homo;5;2;0;6;3;4;4;2;18
hsa_piR_016945/gb/DQ593356/Homo;100;41;50;57;50;41;72;52;224
hsa_piR_016946/gb/DQ593358/Homo;165;89;124;208;87;125;120;76;422
hsa_piR_016970/gb/DQ593407/Homo;22;11;23;24;17;15;23;18;66
hsa_piR_016984/gb/DQ593431/Homo;8;7;9;6;10;12;6;12;48
hsa_piR_017033/gb/DQ593538/Homo;559;95;190;301;230;289;212;384;1,165
hsa_piR_017061/gb/DQ593574/Homo;76;30;38;82;57;59;60;62;226
hsa_piR_017094/gb/DQ593621/Homo;8;0;1;1;0;1;3;0;12
hsa_piR_017104/gb/DQ593636/Homo;6;4;6;5;1;8;6;3;14
hsa_piR_017178/gb/DQ593744/Homo;1;3;1;3;3;1;1;11;6
hsa_piR_017194/gb/DQ593767/Homo;3;4;4;5;3;4;3;8;22
hsa_piR_017295/gb/DQ593909/Homo;4;2;1;1;3;1;1;4;15
hsa_piR_017318/gb/DQ593939/Homo;4;1;1;4;3;6;4;3;16
hsa_piR_017716/gb/DQ594453/Homo;454;198;332;559;238;279;409;327;1,299
hsa_piR_017723/gb/DQ594464/Homo;24;22;25;31;17;14;29;6;101
hsa_piR_017724/gb/DQ594465/Homo;107;208;128;193;92;151;170;30;609
hsa_piR_017791/gb/DQ594556/Homo;67;13;27;47;53;49;50;88;276
hsa_piR_017936/gb/DQ594740/Homo;9;3;3;5;1;2;2;10;15
hsa_piR_018165/gb/DQ595023/Homo;15;5;10;15;12;10;10;6;33
hsa_piR_018292/gb/DQ595186/Homo;6;6;8;19;9;12;6;9;69
hsa_piR_018569/gb/DQ595533/Homo;17;12;16;12;16;6;17;2;52
hsa_piR_018570/gb/DQ595536/Homo;967;564;800;910;588;477;828;484;2,389
hsa_piR_018573/gb/DQ595539/Homo;2;3;6;6;1;1;7;5;11
hsa_piR_018780/gb/DQ595807/Homo;14;4;11;10;10;13;8;13;63
hsa_piR_018849/gb/DQ595899/Homo;315;47;134;144;144;100;128;175;625
hsa_piR_018883/gb/DQ595941/Homo;2;1;2;1;2;0;1;3;10
hsa_piR_019050/gb/DQ596155/Homo;3;3;3;5;1;3;2;11;16
hsa_piR_019179/gb/DQ596327/Homo;5;2;1;11;1;6;5;6;20
hsa_piR_019420/gb/DQ596670/Homo;8;4;3;5;5;5;5;29;26
hsa_piR_019521/gb/DQ596805/Homo;27;43;53;70;55;98;130;135;283
hsa_piR_019544/gb/DQ596830/Homo;2;2;4;3;2;6;6;8;18
hsa_piR_019675/gb/DQ596992/Homo;13;7;6;14;5;13;10;19;89
hsa_piR_019676/gb/DQ596993/Homo;57;32;35;60;33;52;42;42;224
hsa_piR_019752/gb/DQ597110/Homo;4;3;3;4;5;8;2;2;44
hsa_piR_019822/gb/DQ597215/Homo;7;2;3;3;2;1;1;2;18
hsa_piR_019823/gb/DQ597216/Homo;7;3;1;3;3;5;4;3;10
hsa_piR_019824/gb/DQ597217/Homo;4;2;3;5;2;4;7;3;15
hsa_piR_019825/gb/DQ597218/Homo;10;4;8;11;23;16;7;46;88
hsa_piR_019911/gb/DQ597340/Homo;7;4;3;4;7;5;3;6;25
hsa_piR_019912/gb/DQ597341/Homo;3;1;8;7;4;2;8;2;15
hsa_piR_019914/gb/DQ597347/Homo;982;297;521;1,000;558;621;747;1,505;3,393
hsa_piR_019949/gb/DQ597397/Homo;33;16;32;38;29;32;29;33;137
hsa_piR_019951/gb/DQ597403/Homo;104;26;65;42;52;50;50;43;170
hsa_piR_020008/gb/DQ597482/Homo;24;7;17;7;23;17;31;25;40
hsa_piR_020009/gb/DQ597484/Homo;125;39;95;85;150;166;104;172;694
hsa_piR_020326/gb/DQ597916/Homo;282;90;144;187;161;156;138;355;683
hsa_piR_020345/gb/DQ597945/Homo;73;97;156;267;41;58;241;10;266
hsa_piR_020364/gb/DQ597971/Homo;4;2;5;4;4;8;2;1;24
hsa_piR_020365/gb/DQ597975/Homo;88;15;42;64;33;35;63;55;218
hsa_piR_020381/gb/DQ597997/Homo;54;21;30;43;12;23;42;27;141
hsa_piR_020388/gb/DQ598008/Homo;20;12;17;30;12;4;10;6;44
hsa_piR_020401/gb/DQ598029/Homo;5;1;3;6;1;1;5;6;17
hsa_piR_020450/gb/DQ598104/Homo;106;7;31;94;31;28;63;106;161
hsa_piR_020485/gb/DQ598159/Homo;71;90;76;109;35;52;102;25;233
hsa_piR_020496/gb/DQ598175/Homo;282;96;188;238;68;67;235;92;367
hsa_piR_020497/gb/DQ598177/Homo;35;48;73;132;16;21;95;10;73
hsa_piR_020498/gb/DQ598180/Homo;44;4;11;25;10;7;16;17;52
hsa_piR_020499/gb/DQ598183/Homo;568;92;272;473;501;442;305;2,044;2,283
hsa_piR_020500/gb/DQ598190/Homo;103;25;67;127;32;43;79;80;232
hsa_piR_020541/gb/DQ598252/Homo;32;1;7;12;2;5;4;7;31
hsa_piR_020548/gb/DQ598263/Homo;4;1;1;2;4;2;3;8;13
hsa_piR_020570/gb/DQ598294/Homo;4;3;3;6;6;8;8;5;45
hsa_piR_020582/gb/DQ598312/Homo;101;264;91;192;170;712;155;100;1,711
hsa_piR_020657/gb/DQ598428/Homo;5;0;4;6;6;10;3;30;36
hsa_piR_020813/gb/DQ598646/Homo;30;3;9;16;12;14;17;22;59
hsa_piR_020814/gb/DQ598650/Homo;10;3;5;17;12;9;3;14;25
hsa_piR_020815/gb/DQ598651/Homo;29;11;8;20;24;28;18;32;106
hsa_piR_020828/gb/DQ598675/Homo;133;118;123;154;29;21;127;34;102
hsa_piR_020829/gb/DQ598677/Homo;487;206;280;471;480;690;357;754;2,760
hsa_piR_020893/gb/DQ598752/Homo;2;1;1;1;1;1;0;2;19
hsa_piR_021032/gb/DQ598918/Homo;17;14;16;14;24;27;13;13;101
hsa_piR_021462/gb/DQ599459/Homo;19;10;7;16;24;20;10;8;76
hsa_piR_022017/gb/DQ600174/Homo;0;0;2;1;3;3;1;2;11
hsa_piR_022290/gb/DQ600508/Homo;4;2;4;7;14;13;3;7;48
hsa_piR_022296/gb/DQ600515/Homo;2;1;1;5;1;2;5;5;11
hsa_piR_022417/gb/DQ600666/Homo;8;2;6;6;21;24;7;25;88
hsa_piR_022628/gb/DQ600952/Homo;15;13;12;12;3;4;14;2;15
hsa_piR_023101/gb/DQ601590/Homo;9;2;4;8;3;2;3;9;17
hsa_piR_023338/gb/DQ601914/Homo;2;0;1;4;6;4;3;7;34
